,choice,dataset,gaze_0,gaze_1,item_value_0,item_value_1,n_items,repeat,rt,subject,trial,v,gamma,s,tau,t0
0,0.0,krajbich2010,1.0,0.0,4.0,2.0,2.0,0.0,1667.0,3,5.0,8.3e-05,0.7,0.004988,0.01,0.0
1,0.0,krajbich2010,1.0,0.0,4.0,2.0,2.0,1.0,2132.0,3,5.0,8.3e-05,0.7,0.004988,0.01,0.0
2,1.0,krajbich2010,1.0,0.0,4.0,2.0,2.0,2.0,1505.0,3,5.0,8.3e-05,0.7,0.004988,0.01,0.0
3,0.0,krajbich2010,1.0,0.0,4.0,2.0,2.0,3.0,1968.0,3,5.0,8.3e-05,0.7,0.004988,0.01,0.0
4,1.0,krajbich2010,1.0,0.0,4.0,2.0,2.0,4.0,1810.0,3,5.0,8.3e-05,0.7,0.004988,0.01,0.0
5,1.0,krajbich2010,1.0,0.0,4.0,2.0,2.0,5.0,1602.0,3,5.0,8.3e-05,0.7,0.004988,0.01,0.0
6,0.0,krajbich2010,1.0,0.0,4.0,2.0,2.0,6.0,2121.0,3,5.0,8.3e-05,0.7,0.004988,0.01,0.0
7,1.0,krajbich2010,1.0,0.0,4.0,2.0,2.0,7.0,2645.0,3,5.0,8.3e-05,0.7,0.004988,0.01,0.0
8,0.0,krajbich2010,1.0,0.0,4.0,2.0,2.0,8.0,1882.0,3,5.0,8.3e-05,0.7,0.004988,0.01,0.0
9,0.0,krajbich2010,1.0,0.0,4.0,2.0,2.0,9.0,1391.0,3,5.0,8.3e-05,0.7,0.004988,0.01,0.0
10,1.0,krajbich2010,1.0,0.0,4.0,2.0,2.0,10.0,1951.0,3,5.0,8.3e-05,0.7,0.004988,0.01,0.0
11,0.0,krajbich2010,1.0,0.0,4.0,2.0,2.0,11.0,2713.0,3,5.0,8.3e-05,0.7,0.004988,0.01,0.0
12,0.0,krajbich2010,1.0,0.0,4.0,2.0,2.0,12.0,1429.0,3,5.0,8.3e-05,0.7,0.004988,0.01,0.0
13,0.0,krajbich2010,1.0,0.0,4.0,2.0,2.0,13.0,1979.0,3,5.0,8.3e-05,0.7,0.004988,0.01,0.0
14,0.0,krajbich2010,1.0,0.0,4.0,2.0,2.0,14.0,2621.0,3,5.0,8.3e-05,0.7,0.004988,0.01,0.0
15,0.0,krajbich2010,1.0,0.0,4.0,2.0,2.0,15.0,1644.0,3,5.0,8.3e-05,0.7,0.004988,0.01,0.0
16,1.0,krajbich2010,1.0,0.0,4.0,2.0,2.0,16.0,2068.0,3,5.0,8.3e-05,0.7,0.004988,0.01,0.0
17,0.0,krajbich2010,1.0,0.0,4.0,2.0,2.0,17.0,1988.0,3,5.0,8.3e-05,0.7,0.004988,0.01,0.0
18,1.0,krajbich2010,1.0,0.0,4.0,2.0,2.0,18.0,2498.0,3,5.0,8.3e-05,0.7,0.004988,0.01,0.0
19,0.0,krajbich2010,1.0,0.0,4.0,2.0,2.0,19.0,1888.0,3,5.0,8.3e-05,0.7,0.004988,0.01,0.0
20,1.0,krajbich2010,1.0,0.0,4.0,2.0,2.0,20.0,2301.0,3,5.0,8.3e-05,0.7,0.004988,0.01,0.0
21,0.0,krajbich2010,1.0,0.0,4.0,2.0,2.0,21.0,1886.0,3,5.0,8.3e-05,0.7,0.004988,0.01,0.0
22,1.0,krajbich2010,1.0,0.0,4.0,2.0,2.0,22.0,2588.0,3,5.0,8.3e-05,0.7,0.004988,0.01,0.0
23,1.0,krajbich2010,1.0,0.0,4.0,2.0,2.0,23.0,1832.0,3,5.0,8.3e-05,0.7,0.004988,0.01,0.0
24,1.0,krajbich2010,1.0,0.0,4.0,2.0,2.0,24.0,2554.0,3,5.0,8.3e-05,0.7,0.004988,0.01,0.0
25,0.0,krajbich2010,1.0,0.0,4.0,2.0,2.0,25.0,1897.0,3,5.0,8.3e-05,0.7,0.004988,0.01,0.0
26,0.0,krajbich2010,1.0,0.0,4.0,2.0,2.0,26.0,1980.0,3,5.0,8.3e-05,0.7,0.004988,0.01,0.0
27,1.0,krajbich2010,1.0,0.0,4.0,2.0,2.0,27.0,1923.0,3,5.0,8.3e-05,0.7,0.004988,0.01,0.0
28,0.0,krajbich2010,1.0,0.0,4.0,2.0,2.0,28.0,2592.0,3,5.0,8.3e-05,0.7,0.004988,0.01,0.0
29,1.0,krajbich2010,1.0,0.0,4.0,2.0,2.0,29.0,2609.0,3,5.0,8.3e-05,0.7,0.004988,0.01,0.0
30,1.0,krajbich2010,1.0,0.0,4.0,2.0,2.0,30.0,1391.0,3,5.0,8.3e-05,0.7,0.004988,0.01,0.0
31,1.0,krajbich2010,1.0,0.0,4.0,2.0,2.0,31.0,2265.0,3,5.0,8.3e-05,0.7,0.004988,0.01,0.0
32,0.0,krajbich2010,1.0,0.0,4.0,2.0,2.0,32.0,2860.0,3,5.0,8.3e-05,0.7,0.004988,0.01,0.0
33,0.0,krajbich2010,1.0,0.0,4.0,2.0,2.0,33.0,2676.0,3,5.0,8.3e-05,0.7,0.004988,0.01,0.0
34,0.0,krajbich2010,1.0,0.0,4.0,2.0,2.0,34.0,1991.0,3,5.0,8.3e-05,0.7,0.004988,0.01,0.0
35,0.0,krajbich2010,1.0,0.0,4.0,2.0,2.0,35.0,1718.0,3,5.0,8.3e-05,0.7,0.004988,0.01,0.0
36,1.0,krajbich2010,1.0,0.0,4.0,2.0,2.0,36.0,2520.0,3,5.0,8.3e-05,0.7,0.004988,0.01,0.0
37,0.0,krajbich2010,1.0,0.0,4.0,2.0,2.0,37.0,2573.0,3,5.0,8.3e-05,0.7,0.004988,0.01,0.0
38,1.0,krajbich2010,1.0,0.0,4.0,2.0,2.0,38.0,1753.0,3,5.0,8.3e-05,0.7,0.004988,0.01,0.0
39,1.0,krajbich2010,1.0,0.0,4.0,2.0,2.0,39.0,4425.0,3,5.0,8.3e-05,0.7,0.004988,0.01,0.0
40,0.0,krajbich2010,1.0,0.0,4.0,2.0,2.0,40.0,2114.0,3,5.0,8.3e-05,0.7,0.004988,0.01,0.0
41,0.0,krajbich2010,1.0,0.0,4.0,2.0,2.0,41.0,2572.0,3,5.0,8.3e-05,0.7,0.004988,0.01,0.0
42,1.0,krajbich2010,1.0,0.0,4.0,2.0,2.0,42.0,1765.0,3,5.0,8.3e-05,0.7,0.004988,0.01,0.0
43,1.0,krajbich2010,1.0,0.0,4.0,2.0,2.0,43.0,2386.0,3,5.0,8.3e-05,0.7,0.004988,0.01,0.0
44,1.0,krajbich2010,1.0,0.0,4.0,2.0,2.0,44.0,2552.0,3,5.0,8.3e-05,0.7,0.004988,0.01,0.0
45,0.0,krajbich2010,1.0,0.0,4.0,2.0,2.0,45.0,2259.0,3,5.0,8.3e-05,0.7,0.004988,0.01,0.0
46,0.0,krajbich2010,1.0,0.0,4.0,2.0,2.0,46.0,1916.0,3,5.0,8.3e-05,0.7,0.004988,0.01,0.0
47,1.0,krajbich2010,1.0,0.0,4.0,2.0,2.0,47.0,2842.0,3,5.0,8.3e-05,0.7,0.004988,0.01,0.0
48,0.0,krajbich2010,1.0,0.0,4.0,2.0,2.0,48.0,2403.0,3,5.0,8.3e-05,0.7,0.004988,0.01,0.0
49,0.0,krajbich2010,1.0,0.0,4.0,2.0,2.0,49.0,1908.0,3,5.0,8.3e-05,0.7,0.004988,0.01,0.0
50,0.0,krajbich2010,0.5161943435668945,0.4838056564331055,2.0,0.0,2.0,0.0,2067.0,3,9.0,8.3e-05,0.7,0.004988,0.01,0.0
51,0.0,krajbich2010,0.5161943435668945,0.4838056564331055,2.0,0.0,2.0,1.0,2386.0,3,9.0,8.3e-05,0.7,0.004988,0.01,0.0
52,1.0,krajbich2010,0.5161943435668945,0.4838056564331055,2.0,0.0,2.0,2.0,2291.0,3,9.0,8.3e-05,0.7,0.004988,0.01,0.0
53,0.0,krajbich2010,0.5161943435668945,0.4838056564331055,2.0,0.0,2.0,3.0,1400.0,3,9.0,8.3e-05,0.7,0.004988,0.01,0.0
54,0.0,krajbich2010,0.5161943435668945,0.4838056564331055,2.0,0.0,2.0,4.0,2112.0,3,9.0,8.3e-05,0.7,0.004988,0.01,0.0
55,0.0,krajbich2010,0.5161943435668945,0.4838056564331055,2.0,0.0,2.0,5.0,1902.0,3,9.0,8.3e-05,0.7,0.004988,0.01,0.0
56,0.0,krajbich2010,0.5161943435668945,0.4838056564331055,2.0,0.0,2.0,6.0,2086.0,3,9.0,8.3e-05,0.7,0.004988,0.01,0.0
57,0.0,krajbich2010,0.5161943435668945,0.4838056564331055,2.0,0.0,2.0,7.0,1938.0,3,9.0,8.3e-05,0.7,0.004988,0.01,0.0
58,1.0,krajbich2010,0.5161943435668945,0.4838056564331055,2.0,0.0,2.0,8.0,2146.0,3,9.0,8.3e-05,0.7,0.004988,0.01,0.0
59,0.0,krajbich2010,0.5161943435668945,0.4838056564331055,2.0,0.0,2.0,9.0,1998.0,3,9.0,8.3e-05,0.7,0.004988,0.01,0.0
60,0.0,krajbich2010,0.5161943435668945,0.4838056564331055,2.0,0.0,2.0,10.0,2267.0,3,9.0,8.3e-05,0.7,0.004988,0.01,0.0
61,1.0,krajbich2010,0.5161943435668945,0.4838056564331055,2.0,0.0,2.0,11.0,2007.0,3,9.0,8.3e-05,0.7,0.004988,0.01,0.0
62,0.0,krajbich2010,0.5161943435668945,0.4838056564331055,2.0,0.0,2.0,12.0,1445.0,3,9.0,8.3e-05,0.7,0.004988,0.01,0.0
63,0.0,krajbich2010,0.5161943435668945,0.4838056564331055,2.0,0.0,2.0,13.0,2572.0,3,9.0,8.3e-05,0.7,0.004988,0.01,0.0
64,0.0,krajbich2010,0.5161943435668945,0.4838056564331055,2.0,0.0,2.0,14.0,2138.0,3,9.0,8.3e-05,0.7,0.004988,0.01,0.0
65,1.0,krajbich2010,0.5161943435668945,0.4838056564331055,2.0,0.0,2.0,15.0,1740.0,3,9.0,8.3e-05,0.7,0.004988,0.01,0.0
66,0.0,krajbich2010,0.5161943435668945,0.4838056564331055,2.0,0.0,2.0,16.0,2293.0,3,9.0,8.3e-05,0.7,0.004988,0.01,0.0
67,1.0,krajbich2010,0.5161943435668945,0.4838056564331055,2.0,0.0,2.0,17.0,1559.0,3,9.0,8.3e-05,0.7,0.004988,0.01,0.0
68,1.0,krajbich2010,0.5161943435668945,0.4838056564331055,2.0,0.0,2.0,18.0,1654.0,3,9.0,8.3e-05,0.7,0.004988,0.01,0.0
69,0.0,krajbich2010,0.5161943435668945,0.4838056564331055,2.0,0.0,2.0,19.0,2350.0,3,9.0,8.3e-05,0.7,0.004988,0.01,0.0
70,1.0,krajbich2010,0.5161943435668945,0.4838056564331055,2.0,0.0,2.0,20.0,2204.0,3,9.0,8.3e-05,0.7,0.004988,0.01,0.0
71,0.0,krajbich2010,0.5161943435668945,0.4838056564331055,2.0,0.0,2.0,21.0,2777.0,3,9.0,8.3e-05,0.7,0.004988,0.01,0.0
72,1.0,krajbich2010,0.5161943435668945,0.4838056564331055,2.0,0.0,2.0,22.0,1876.0,3,9.0,8.3e-05,0.7,0.004988,0.01,0.0
73,0.0,krajbich2010,0.5161943435668945,0.4838056564331055,2.0,0.0,2.0,23.0,1696.0,3,9.0,8.3e-05,0.7,0.004988,0.01,0.0
74,0.0,krajbich2010,0.5161943435668945,0.4838056564331055,2.0,0.0,2.0,24.0,1865.0,3,9.0,8.3e-05,0.7,0.004988,0.01,0.0
75,1.0,krajbich2010,0.5161943435668945,0.4838056564331055,2.0,0.0,2.0,25.0,2111.0,3,9.0,8.3e-05,0.7,0.004988,0.01,0.0
76,0.0,krajbich2010,0.5161943435668945,0.4838056564331055,2.0,0.0,2.0,26.0,2183.0,3,9.0,8.3e-05,0.7,0.004988,0.01,0.0
77,0.0,krajbich2010,0.5161943435668945,0.4838056564331055,2.0,0.0,2.0,27.0,2411.0,3,9.0,8.3e-05,0.7,0.004988,0.01,0.0
78,1.0,krajbich2010,0.5161943435668945,0.4838056564331055,2.0,0.0,2.0,28.0,1808.0,3,9.0,8.3e-05,0.7,0.004988,0.01,0.0
79,0.0,krajbich2010,0.5161943435668945,0.4838056564331055,2.0,0.0,2.0,29.0,2053.0,3,9.0,8.3e-05,0.7,0.004988,0.01,0.0
80,1.0,krajbich2010,0.5161943435668945,0.4838056564331055,2.0,0.0,2.0,30.0,2436.0,3,9.0,8.3e-05,0.7,0.004988,0.01,0.0
81,0.0,krajbich2010,0.5161943435668945,0.4838056564331055,2.0,0.0,2.0,31.0,1320.0,3,9.0,8.3e-05,0.7,0.004988,0.01,0.0
82,1.0,krajbich2010,0.5161943435668945,0.4838056564331055,2.0,0.0,2.0,32.0,1735.0,3,9.0,8.3e-05,0.7,0.004988,0.01,0.0
83,1.0,krajbich2010,0.5161943435668945,0.4838056564331055,2.0,0.0,2.0,33.0,1547.0,3,9.0,8.3e-05,0.7,0.004988,0.01,0.0
84,0.0,krajbich2010,0.5161943435668945,0.4838056564331055,2.0,0.0,2.0,34.0,1396.0,3,9.0,8.3e-05,0.7,0.004988,0.01,0.0
85,1.0,krajbich2010,0.5161943435668945,0.4838056564331055,2.0,0.0,2.0,35.0,1811.0,3,9.0,8.3e-05,0.7,0.004988,0.01,0.0
86,1.0,krajbich2010,0.5161943435668945,0.4838056564331055,2.0,0.0,2.0,36.0,1506.0,3,9.0,8.3e-05,0.7,0.004988,0.01,0.0
87,1.0,krajbich2010,0.5161943435668945,0.4838056564331055,2.0,0.0,2.0,37.0,1823.0,3,9.0,8.3e-05,0.7,0.004988,0.01,0.0
88,1.0,krajbich2010,0.5161943435668945,0.4838056564331055,2.0,0.0,2.0,38.0,1529.0,3,9.0,8.3e-05,0.7,0.004988,0.01,0.0
89,0.0,krajbich2010,0.5161943435668945,0.4838056564331055,2.0,0.0,2.0,39.0,1784.0,3,9.0,8.3e-05,0.7,0.004988,0.01,0.0
90,0.0,krajbich2010,0.5161943435668945,0.4838056564331055,2.0,0.0,2.0,40.0,2660.0,3,9.0,8.3e-05,0.7,0.004988,0.01,0.0
91,0.0,krajbich2010,0.5161943435668945,0.4838056564331055,2.0,0.0,2.0,41.0,2096.0,3,9.0,8.3e-05,0.7,0.004988,0.01,0.0
92,0.0,krajbich2010,0.5161943435668945,0.4838056564331055,2.0,0.0,2.0,42.0,2052.0,3,9.0,8.3e-05,0.7,0.004988,0.01,0.0
93,0.0,krajbich2010,0.5161943435668945,0.4838056564331055,2.0,0.0,2.0,43.0,2124.0,3,9.0,8.3e-05,0.7,0.004988,0.01,0.0
94,1.0,krajbich2010,0.5161943435668945,0.4838056564331055,2.0,0.0,2.0,44.0,1633.0,3,9.0,8.3e-05,0.7,0.004988,0.01,0.0
95,0.0,krajbich2010,0.5161943435668945,0.4838056564331055,2.0,0.0,2.0,45.0,1980.0,3,9.0,8.3e-05,0.7,0.004988,0.01,0.0
96,0.0,krajbich2010,0.5161943435668945,0.4838056564331055,2.0,0.0,2.0,46.0,2266.0,3,9.0,8.3e-05,0.7,0.004988,0.01,0.0
97,1.0,krajbich2010,0.5161943435668945,0.4838056564331055,2.0,0.0,2.0,47.0,3180.0,3,9.0,8.3e-05,0.7,0.004988,0.01,0.0
98,1.0,krajbich2010,0.5161943435668945,0.4838056564331055,2.0,0.0,2.0,48.0,2335.0,3,9.0,8.3e-05,0.7,0.004988,0.01,0.0
99,0.0,krajbich2010,0.5161943435668945,0.4838056564331055,2.0,0.0,2.0,49.0,1977.0,3,9.0,8.3e-05,0.7,0.004988,0.01,0.0
100,0.0,krajbich2010,0.0,1.0,0.0,4.0,2.0,0.0,2402.0,3,11.0,8.3e-05,0.7,0.004988,0.01,0.0
101,0.0,krajbich2010,0.0,1.0,0.0,4.0,2.0,1.0,2180.0,3,11.0,8.3e-05,0.7,0.004988,0.01,0.0
102,0.0,krajbich2010,0.0,1.0,0.0,4.0,2.0,2.0,2551.0,3,11.0,8.3e-05,0.7,0.004988,0.01,0.0
103,0.0,krajbich2010,0.0,1.0,0.0,4.0,2.0,3.0,1865.0,3,11.0,8.3e-05,0.7,0.004988,0.01,0.0
104,0.0,krajbich2010,0.0,1.0,0.0,4.0,2.0,4.0,2112.0,3,11.0,8.3e-05,0.7,0.004988,0.01,0.0
105,0.0,krajbich2010,0.0,1.0,0.0,4.0,2.0,5.0,1609.0,3,11.0,8.3e-05,0.7,0.004988,0.01,0.0
106,1.0,krajbich2010,0.0,1.0,0.0,4.0,2.0,6.0,2854.0,3,11.0,8.3e-05,0.7,0.004988,0.01,0.0
107,1.0,krajbich2010,0.0,1.0,0.0,4.0,2.0,7.0,2408.0,3,11.0,8.3e-05,0.7,0.004988,0.01,0.0
108,0.0,krajbich2010,0.0,1.0,0.0,4.0,2.0,8.0,2090.0,3,11.0,8.3e-05,0.7,0.004988,0.01,0.0
109,1.0,krajbich2010,0.0,1.0,0.0,4.0,2.0,9.0,2160.0,3,11.0,8.3e-05,0.7,0.004988,0.01,0.0
110,1.0,krajbich2010,0.0,1.0,0.0,4.0,2.0,10.0,2336.0,3,11.0,8.3e-05,0.7,0.004988,0.01,0.0
111,1.0,krajbich2010,0.0,1.0,0.0,4.0,2.0,11.0,4249.0,3,11.0,8.3e-05,0.7,0.004988,0.01,0.0
112,1.0,krajbich2010,0.0,1.0,0.0,4.0,2.0,12.0,2300.0,3,11.0,8.3e-05,0.7,0.004988,0.01,0.0
113,1.0,krajbich2010,0.0,1.0,0.0,4.0,2.0,13.0,2673.0,3,11.0,8.3e-05,0.7,0.004988,0.01,0.0
114,0.0,krajbich2010,0.0,1.0,0.0,4.0,2.0,14.0,2346.0,3,11.0,8.3e-05,0.7,0.004988,0.01,0.0
115,1.0,krajbich2010,0.0,1.0,0.0,4.0,2.0,15.0,2197.0,3,11.0,8.3e-05,0.7,0.004988,0.01,0.0
116,1.0,krajbich2010,0.0,1.0,0.0,4.0,2.0,16.0,1597.0,3,11.0,8.3e-05,0.7,0.004988,0.01,0.0
117,1.0,krajbich2010,0.0,1.0,0.0,4.0,2.0,17.0,1611.0,3,11.0,8.3e-05,0.7,0.004988,0.01,0.0
118,1.0,krajbich2010,0.0,1.0,0.0,4.0,2.0,18.0,2375.0,3,11.0,8.3e-05,0.7,0.004988,0.01,0.0
119,0.0,krajbich2010,0.0,1.0,0.0,4.0,2.0,19.0,1362.0,3,11.0,8.3e-05,0.7,0.004988,0.01,0.0
120,0.0,krajbich2010,0.0,1.0,0.0,4.0,2.0,20.0,1797.0,3,11.0,8.3e-05,0.7,0.004988,0.01,0.0
121,1.0,krajbich2010,0.0,1.0,0.0,4.0,2.0,21.0,2367.0,3,11.0,8.3e-05,0.7,0.004988,0.01,0.0
122,0.0,krajbich2010,0.0,1.0,0.0,4.0,2.0,22.0,2292.0,3,11.0,8.3e-05,0.7,0.004988,0.01,0.0
123,0.0,krajbich2010,0.0,1.0,0.0,4.0,2.0,23.0,2291.0,3,11.0,8.3e-05,0.7,0.004988,0.01,0.0
124,1.0,krajbich2010,0.0,1.0,0.0,4.0,2.0,24.0,3001.0,3,11.0,8.3e-05,0.7,0.004988,0.01,0.0
125,1.0,krajbich2010,0.0,1.0,0.0,4.0,2.0,25.0,2598.0,3,11.0,8.3e-05,0.7,0.004988,0.01,0.0
126,1.0,krajbich2010,0.0,1.0,0.0,4.0,2.0,26.0,2691.0,3,11.0,8.3e-05,0.7,0.004988,0.01,0.0
127,1.0,krajbich2010,0.0,1.0,0.0,4.0,2.0,27.0,1327.0,3,11.0,8.3e-05,0.7,0.004988,0.01,0.0
128,0.0,krajbich2010,0.0,1.0,0.0,4.0,2.0,28.0,2383.0,3,11.0,8.3e-05,0.7,0.004988,0.01,0.0
129,1.0,krajbich2010,0.0,1.0,0.0,4.0,2.0,29.0,1987.0,3,11.0,8.3e-05,0.7,0.004988,0.01,0.0
130,1.0,krajbich2010,0.0,1.0,0.0,4.0,2.0,30.0,1550.0,3,11.0,8.3e-05,0.7,0.004988,0.01,0.0
131,1.0,krajbich2010,0.0,1.0,0.0,4.0,2.0,31.0,1214.0,3,11.0,8.3e-05,0.7,0.004988,0.01,0.0
132,0.0,krajbich2010,0.0,1.0,0.0,4.0,2.0,32.0,1898.0,3,11.0,8.3e-05,0.7,0.004988,0.01,0.0
133,1.0,krajbich2010,0.0,1.0,0.0,4.0,2.0,33.0,2050.0,3,11.0,8.3e-05,0.7,0.004988,0.01,0.0
134,0.0,krajbich2010,0.0,1.0,0.0,4.0,2.0,34.0,1983.0,3,11.0,8.3e-05,0.7,0.004988,0.01,0.0
135,1.0,krajbich2010,0.0,1.0,0.0,4.0,2.0,35.0,4625.0,3,11.0,8.3e-05,0.7,0.004988,0.01,0.0
136,1.0,krajbich2010,0.0,1.0,0.0,4.0,2.0,36.0,1465.0,3,11.0,8.3e-05,0.7,0.004988,0.01,0.0
137,1.0,krajbich2010,0.0,1.0,0.0,4.0,2.0,37.0,1810.0,3,11.0,8.3e-05,0.7,0.004988,0.01,0.0
138,0.0,krajbich2010,0.0,1.0,0.0,4.0,2.0,38.0,1591.0,3,11.0,8.3e-05,0.7,0.004988,0.01,0.0
139,0.0,krajbich2010,0.0,1.0,0.0,4.0,2.0,39.0,2448.0,3,11.0,8.3e-05,0.7,0.004988,0.01,0.0
140,0.0,krajbich2010,0.0,1.0,0.0,4.0,2.0,40.0,1911.0,3,11.0,8.3e-05,0.7,0.004988,0.01,0.0
141,0.0,krajbich2010,0.0,1.0,0.0,4.0,2.0,41.0,1579.0,3,11.0,8.3e-05,0.7,0.004988,0.01,0.0
142,0.0,krajbich2010,0.0,1.0,0.0,4.0,2.0,42.0,1797.0,3,11.0,8.3e-05,0.7,0.004988,0.01,0.0
143,1.0,krajbich2010,0.0,1.0,0.0,4.0,2.0,43.0,1760.0,3,11.0,8.3e-05,0.7,0.004988,0.01,0.0
144,1.0,krajbich2010,0.0,1.0,0.0,4.0,2.0,44.0,2445.0,3,11.0,8.3e-05,0.7,0.004988,0.01,0.0
145,1.0,krajbich2010,0.0,1.0,0.0,4.0,2.0,45.0,2188.0,3,11.0,8.3e-05,0.7,0.004988,0.01,0.0
146,1.0,krajbich2010,0.0,1.0,0.0,4.0,2.0,46.0,1844.0,3,11.0,8.3e-05,0.7,0.004988,0.01,0.0
147,1.0,krajbich2010,0.0,1.0,0.0,4.0,2.0,47.0,2085.0,3,11.0,8.3e-05,0.7,0.004988,0.01,0.0
148,0.0,krajbich2010,0.0,1.0,0.0,4.0,2.0,48.0,1779.0,3,11.0,8.3e-05,0.7,0.004988,0.01,0.0
149,0.0,krajbich2010,0.0,1.0,0.0,4.0,2.0,49.0,1897.0,3,11.0,8.3e-05,0.7,0.004988,0.01,0.0
150,0.0,krajbich2010,1.0,0.0,2.0,3.0,2.0,0.0,1771.0,3,13.0,8.3e-05,0.7,0.004988,0.01,0.0
151,0.0,krajbich2010,1.0,0.0,2.0,3.0,2.0,1.0,1863.0,3,13.0,8.3e-05,0.7,0.004988,0.01,0.0
152,1.0,krajbich2010,1.0,0.0,2.0,3.0,2.0,2.0,2803.0,3,13.0,8.3e-05,0.7,0.004988,0.01,0.0
153,0.0,krajbich2010,1.0,0.0,2.0,3.0,2.0,3.0,2063.0,3,13.0,8.3e-05,0.7,0.004988,0.01,0.0
154,1.0,krajbich2010,1.0,0.0,2.0,3.0,2.0,4.0,1648.0,3,13.0,8.3e-05,0.7,0.004988,0.01,0.0
155,0.0,krajbich2010,1.0,0.0,2.0,3.0,2.0,5.0,2404.0,3,13.0,8.3e-05,0.7,0.004988,0.01,0.0
156,0.0,krajbich2010,1.0,0.0,2.0,3.0,2.0,6.0,2675.0,3,13.0,8.3e-05,0.7,0.004988,0.01,0.0
157,1.0,krajbich2010,1.0,0.0,2.0,3.0,2.0,7.0,2338.0,3,13.0,8.3e-05,0.7,0.004988,0.01,0.0
158,0.0,krajbich2010,1.0,0.0,2.0,3.0,2.0,8.0,2024.0,3,13.0,8.3e-05,0.7,0.004988,0.01,0.0
159,1.0,krajbich2010,1.0,0.0,2.0,3.0,2.0,9.0,1852.0,3,13.0,8.3e-05,0.7,0.004988,0.01,0.0
160,1.0,krajbich2010,1.0,0.0,2.0,3.0,2.0,10.0,2893.0,3,13.0,8.3e-05,0.7,0.004988,0.01,0.0
161,1.0,krajbich2010,1.0,0.0,2.0,3.0,2.0,11.0,2637.0,3,13.0,8.3e-05,0.7,0.004988,0.01,0.0
162,1.0,krajbich2010,1.0,0.0,2.0,3.0,2.0,12.0,2418.0,3,13.0,8.3e-05,0.7,0.004988,0.01,0.0
163,0.0,krajbich2010,1.0,0.0,2.0,3.0,2.0,13.0,1680.0,3,13.0,8.3e-05,0.7,0.004988,0.01,0.0
164,0.0,krajbich2010,1.0,0.0,2.0,3.0,2.0,14.0,1958.0,3,13.0,8.3e-05,0.7,0.004988,0.01,0.0
165,0.0,krajbich2010,1.0,0.0,2.0,3.0,2.0,15.0,2167.0,3,13.0,8.3e-05,0.7,0.004988,0.01,0.0
166,0.0,krajbich2010,1.0,0.0,2.0,3.0,2.0,16.0,1825.0,3,13.0,8.3e-05,0.7,0.004988,0.01,0.0
167,0.0,krajbich2010,1.0,0.0,2.0,3.0,2.0,17.0,2913.0,3,13.0,8.3e-05,0.7,0.004988,0.01,0.0
168,1.0,krajbich2010,1.0,0.0,2.0,3.0,2.0,18.0,2413.0,3,13.0,8.3e-05,0.7,0.004988,0.01,0.0
169,1.0,krajbich2010,1.0,0.0,2.0,3.0,2.0,19.0,1773.0,3,13.0,8.3e-05,0.7,0.004988,0.01,0.0
170,0.0,krajbich2010,1.0,0.0,2.0,3.0,2.0,20.0,2027.0,3,13.0,8.3e-05,0.7,0.004988,0.01,0.0
171,1.0,krajbich2010,1.0,0.0,2.0,3.0,2.0,21.0,2057.0,3,13.0,8.3e-05,0.7,0.004988,0.01,0.0
172,1.0,krajbich2010,1.0,0.0,2.0,3.0,2.0,22.0,2495.0,3,13.0,8.3e-05,0.7,0.004988,0.01,0.0
173,0.0,krajbich2010,1.0,0.0,2.0,3.0,2.0,23.0,1936.0,3,13.0,8.3e-05,0.7,0.004988,0.01,0.0
174,0.0,krajbich2010,1.0,0.0,2.0,3.0,2.0,24.0,2050.0,3,13.0,8.3e-05,0.7,0.004988,0.01,0.0
175,1.0,krajbich2010,1.0,0.0,2.0,3.0,2.0,25.0,1610.0,3,13.0,8.3e-05,0.7,0.004988,0.01,0.0
176,0.0,krajbich2010,1.0,0.0,2.0,3.0,2.0,26.0,1933.0,3,13.0,8.3e-05,0.7,0.004988,0.01,0.0
177,1.0,krajbich2010,1.0,0.0,2.0,3.0,2.0,27.0,1958.0,3,13.0,8.3e-05,0.7,0.004988,0.01,0.0
178,0.0,krajbich2010,1.0,0.0,2.0,3.0,2.0,28.0,2653.0,3,13.0,8.3e-05,0.7,0.004988,0.01,0.0
179,1.0,krajbich2010,1.0,0.0,2.0,3.0,2.0,29.0,2547.0,3,13.0,8.3e-05,0.7,0.004988,0.01,0.0
180,1.0,krajbich2010,1.0,0.0,2.0,3.0,2.0,30.0,1843.0,3,13.0,8.3e-05,0.7,0.004988,0.01,0.0
181,0.0,krajbich2010,1.0,0.0,2.0,3.0,2.0,31.0,1220.0,3,13.0,8.3e-05,0.7,0.004988,0.01,0.0
182,1.0,krajbich2010,1.0,0.0,2.0,3.0,2.0,32.0,1753.0,3,13.0,8.3e-05,0.7,0.004988,0.01,0.0
183,0.0,krajbich2010,1.0,0.0,2.0,3.0,2.0,33.0,1494.0,3,13.0,8.3e-05,0.7,0.004988,0.01,0.0
184,0.0,krajbich2010,1.0,0.0,2.0,3.0,2.0,34.0,2958.0,3,13.0,8.3e-05,0.7,0.004988,0.01,0.0
185,1.0,krajbich2010,1.0,0.0,2.0,3.0,2.0,35.0,1847.0,3,13.0,8.3e-05,0.7,0.004988,0.01,0.0
186,1.0,krajbich2010,1.0,0.0,2.0,3.0,2.0,36.0,1708.0,3,13.0,8.3e-05,0.7,0.004988,0.01,0.0
187,1.0,krajbich2010,1.0,0.0,2.0,3.0,2.0,37.0,2567.0,3,13.0,8.3e-05,0.7,0.004988,0.01,0.0
188,0.0,krajbich2010,1.0,0.0,2.0,3.0,2.0,38.0,1645.0,3,13.0,8.3e-05,0.7,0.004988,0.01,0.0
189,1.0,krajbich2010,1.0,0.0,2.0,3.0,2.0,39.0,2287.0,3,13.0,8.3e-05,0.7,0.004988,0.01,0.0
190,0.0,krajbich2010,1.0,0.0,2.0,3.0,2.0,40.0,2114.0,3,13.0,8.3e-05,0.7,0.004988,0.01,0.0
191,1.0,krajbich2010,1.0,0.0,2.0,3.0,2.0,41.0,2023.0,3,13.0,8.3e-05,0.7,0.004988,0.01,0.0
192,0.0,krajbich2010,1.0,0.0,2.0,3.0,2.0,42.0,1616.0,3,13.0,8.3e-05,0.7,0.004988,0.01,0.0
193,0.0,krajbich2010,1.0,0.0,2.0,3.0,2.0,43.0,1798.0,3,13.0,8.3e-05,0.7,0.004988,0.01,0.0
194,1.0,krajbich2010,1.0,0.0,2.0,3.0,2.0,44.0,1593.0,3,13.0,8.3e-05,0.7,0.004988,0.01,0.0
195,0.0,krajbich2010,1.0,0.0,2.0,3.0,2.0,45.0,2106.0,3,13.0,8.3e-05,0.7,0.004988,0.01,0.0
196,1.0,krajbich2010,1.0,0.0,2.0,3.0,2.0,46.0,2457.0,3,13.0,8.3e-05,0.7,0.004988,0.01,0.0
197,0.0,krajbich2010,1.0,0.0,2.0,3.0,2.0,47.0,2041.0,3,13.0,8.3e-05,0.7,0.004988,0.01,0.0
198,1.0,krajbich2010,1.0,0.0,2.0,3.0,2.0,48.0,2458.0,3,13.0,8.3e-05,0.7,0.004988,0.01,0.0
199,0.0,krajbich2010,1.0,0.0,2.0,3.0,2.0,49.0,2218.0,3,13.0,8.3e-05,0.7,0.004988,0.01,0.0
200,1.0,krajbich2010,1.0,0.0,3.0,2.0,2.0,0.0,2410.0,3,17.0,8.3e-05,0.7,0.004988,0.01,0.0
201,0.0,krajbich2010,1.0,0.0,3.0,2.0,2.0,1.0,3808.0,3,17.0,8.3e-05,0.7,0.004988,0.01,0.0
202,1.0,krajbich2010,1.0,0.0,3.0,2.0,2.0,2.0,3391.0,3,17.0,8.3e-05,0.7,0.004988,0.01,0.0
203,0.0,krajbich2010,1.0,0.0,3.0,2.0,2.0,3.0,2044.0,3,17.0,8.3e-05,0.7,0.004988,0.01,0.0
204,1.0,krajbich2010,1.0,0.0,3.0,2.0,2.0,4.0,1795.0,3,17.0,8.3e-05,0.7,0.004988,0.01,0.0
205,1.0,krajbich2010,1.0,0.0,3.0,2.0,2.0,5.0,1815.0,3,17.0,8.3e-05,0.7,0.004988,0.01,0.0
206,0.0,krajbich2010,1.0,0.0,3.0,2.0,2.0,6.0,2463.0,3,17.0,8.3e-05,0.7,0.004988,0.01,0.0
207,1.0,krajbich2010,1.0,0.0,3.0,2.0,2.0,7.0,2222.0,3,17.0,8.3e-05,0.7,0.004988,0.01,0.0
208,1.0,krajbich2010,1.0,0.0,3.0,2.0,2.0,8.0,1744.0,3,17.0,8.3e-05,0.7,0.004988,0.01,0.0
209,0.0,krajbich2010,1.0,0.0,3.0,2.0,2.0,9.0,2190.0,3,17.0,8.3e-05,0.7,0.004988,0.01,0.0
210,1.0,krajbich2010,1.0,0.0,3.0,2.0,2.0,10.0,2597.0,3,17.0,8.3e-05,0.7,0.004988,0.01,0.0
211,1.0,krajbich2010,1.0,0.0,3.0,2.0,2.0,11.0,1955.0,3,17.0,8.3e-05,0.7,0.004988,0.01,0.0
212,1.0,krajbich2010,1.0,0.0,3.0,2.0,2.0,12.0,2129.0,3,17.0,8.3e-05,0.7,0.004988,0.01,0.0
213,1.0,krajbich2010,1.0,0.0,3.0,2.0,2.0,13.0,2385.0,3,17.0,8.3e-05,0.7,0.004988,0.01,0.0
214,1.0,krajbich2010,1.0,0.0,3.0,2.0,2.0,14.0,1868.0,3,17.0,8.3e-05,0.7,0.004988,0.01,0.0
215,0.0,krajbich2010,1.0,0.0,3.0,2.0,2.0,15.0,1619.0,3,17.0,8.3e-05,0.7,0.004988,0.01,0.0
216,0.0,krajbich2010,1.0,0.0,3.0,2.0,2.0,16.0,1646.0,3,17.0,8.3e-05,0.7,0.004988,0.01,0.0
217,1.0,krajbich2010,1.0,0.0,3.0,2.0,2.0,17.0,1998.0,3,17.0,8.3e-05,0.7,0.004988,0.01,0.0
218,0.0,krajbich2010,1.0,0.0,3.0,2.0,2.0,18.0,1691.0,3,17.0,8.3e-05,0.7,0.004988,0.01,0.0
219,0.0,krajbich2010,1.0,0.0,3.0,2.0,2.0,19.0,2222.0,3,17.0,8.3e-05,0.7,0.004988,0.01,0.0
220,1.0,krajbich2010,1.0,0.0,3.0,2.0,2.0,20.0,2114.0,3,17.0,8.3e-05,0.7,0.004988,0.01,0.0
221,0.0,krajbich2010,1.0,0.0,3.0,2.0,2.0,21.0,2122.0,3,17.0,8.3e-05,0.7,0.004988,0.01,0.0
222,0.0,krajbich2010,1.0,0.0,3.0,2.0,2.0,22.0,2232.0,3,17.0,8.3e-05,0.7,0.004988,0.01,0.0
223,1.0,krajbich2010,1.0,0.0,3.0,2.0,2.0,23.0,1294.0,3,17.0,8.3e-05,0.7,0.004988,0.01,0.0
224,0.0,krajbich2010,1.0,0.0,3.0,2.0,2.0,24.0,1934.0,3,17.0,8.3e-05,0.7,0.004988,0.01,0.0
225,1.0,krajbich2010,1.0,0.0,3.0,2.0,2.0,25.0,2028.0,3,17.0,8.3e-05,0.7,0.004988,0.01,0.0
226,0.0,krajbich2010,1.0,0.0,3.0,2.0,2.0,26.0,1826.0,3,17.0,8.3e-05,0.7,0.004988,0.01,0.0
227,0.0,krajbich2010,1.0,0.0,3.0,2.0,2.0,27.0,1718.0,3,17.0,8.3e-05,0.7,0.004988,0.01,0.0
228,1.0,krajbich2010,1.0,0.0,3.0,2.0,2.0,28.0,1478.0,3,17.0,8.3e-05,0.7,0.004988,0.01,0.0
229,0.0,krajbich2010,1.0,0.0,3.0,2.0,2.0,29.0,2152.0,3,17.0,8.3e-05,0.7,0.004988,0.01,0.0
230,0.0,krajbich2010,1.0,0.0,3.0,2.0,2.0,30.0,2331.0,3,17.0,8.3e-05,0.7,0.004988,0.01,0.0
231,1.0,krajbich2010,1.0,0.0,3.0,2.0,2.0,31.0,2007.0,3,17.0,8.3e-05,0.7,0.004988,0.01,0.0
232,1.0,krajbich2010,1.0,0.0,3.0,2.0,2.0,32.0,2328.0,3,17.0,8.3e-05,0.7,0.004988,0.01,0.0
233,0.0,krajbich2010,1.0,0.0,3.0,2.0,2.0,33.0,1986.0,3,17.0,8.3e-05,0.7,0.004988,0.01,0.0
234,1.0,krajbich2010,1.0,0.0,3.0,2.0,2.0,34.0,1652.0,3,17.0,8.3e-05,0.7,0.004988,0.01,0.0
235,0.0,krajbich2010,1.0,0.0,3.0,2.0,2.0,35.0,1400.0,3,17.0,8.3e-05,0.7,0.004988,0.01,0.0
236,1.0,krajbich2010,1.0,0.0,3.0,2.0,2.0,36.0,1781.0,3,17.0,8.3e-05,0.7,0.004988,0.01,0.0
237,1.0,krajbich2010,1.0,0.0,3.0,2.0,2.0,37.0,1504.0,3,17.0,8.3e-05,0.7,0.004988,0.01,0.0
238,0.0,krajbich2010,1.0,0.0,3.0,2.0,2.0,38.0,1704.0,3,17.0,8.3e-05,0.7,0.004988,0.01,0.0
239,0.0,krajbich2010,1.0,0.0,3.0,2.0,2.0,39.0,2334.0,3,17.0,8.3e-05,0.7,0.004988,0.01,0.0
240,0.0,krajbich2010,1.0,0.0,3.0,2.0,2.0,40.0,1806.0,3,17.0,8.3e-05,0.7,0.004988,0.01,0.0
241,0.0,krajbich2010,1.0,0.0,3.0,2.0,2.0,41.0,2915.0,3,17.0,8.3e-05,0.7,0.004988,0.01,0.0
242,1.0,krajbich2010,1.0,0.0,3.0,2.0,2.0,42.0,1578.0,3,17.0,8.3e-05,0.7,0.004988,0.01,0.0
243,1.0,krajbich2010,1.0,0.0,3.0,2.0,2.0,43.0,1838.0,3,17.0,8.3e-05,0.7,0.004988,0.01,0.0
244,1.0,krajbich2010,1.0,0.0,3.0,2.0,2.0,44.0,1831.0,3,17.0,8.3e-05,0.7,0.004988,0.01,0.0
245,0.0,krajbich2010,1.0,0.0,3.0,2.0,2.0,45.0,1924.0,3,17.0,8.3e-05,0.7,0.004988,0.01,0.0
246,0.0,krajbich2010,1.0,0.0,3.0,2.0,2.0,46.0,4584.0,3,17.0,8.3e-05,0.7,0.004988,0.01,0.0
247,0.0,krajbich2010,1.0,0.0,3.0,2.0,2.0,47.0,2078.0,3,17.0,8.3e-05,0.7,0.004988,0.01,0.0
248,0.0,krajbich2010,1.0,0.0,3.0,2.0,2.0,48.0,3806.0,3,17.0,8.3e-05,0.7,0.004988,0.01,0.0
249,0.0,krajbich2010,1.0,0.0,3.0,2.0,2.0,49.0,2042.0,3,17.0,8.3e-05,0.7,0.004988,0.01,0.0
250,0.0,krajbich2010,1.0,0.0,2.0,0.0,2.0,0.0,2618.0,3,19.0,8.3e-05,0.7,0.004988,0.01,0.0
251,1.0,krajbich2010,1.0,0.0,2.0,0.0,2.0,1.0,2683.0,3,19.0,8.3e-05,0.7,0.004988,0.01,0.0
252,0.0,krajbich2010,1.0,0.0,2.0,0.0,2.0,2.0,3045.0,3,19.0,8.3e-05,0.7,0.004988,0.01,0.0
253,0.0,krajbich2010,1.0,0.0,2.0,0.0,2.0,3.0,1579.0,3,19.0,8.3e-05,0.7,0.004988,0.01,0.0
254,0.0,krajbich2010,1.0,0.0,2.0,0.0,2.0,4.0,1264.0,3,19.0,8.3e-05,0.7,0.004988,0.01,0.0
255,1.0,krajbich2010,1.0,0.0,2.0,0.0,2.0,5.0,2487.0,3,19.0,8.3e-05,0.7,0.004988,0.01,0.0
256,1.0,krajbich2010,1.0,0.0,2.0,0.0,2.0,6.0,2227.0,3,19.0,8.3e-05,0.7,0.004988,0.01,0.0
257,1.0,krajbich2010,1.0,0.0,2.0,0.0,2.0,7.0,1762.0,3,19.0,8.3e-05,0.7,0.004988,0.01,0.0
258,0.0,krajbich2010,1.0,0.0,2.0,0.0,2.0,8.0,2158.0,3,19.0,8.3e-05,0.7,0.004988,0.01,0.0
259,0.0,krajbich2010,1.0,0.0,2.0,0.0,2.0,9.0,1568.0,3,19.0,8.3e-05,0.7,0.004988,0.01,0.0
260,1.0,krajbich2010,1.0,0.0,2.0,0.0,2.0,10.0,1949.0,3,19.0,8.3e-05,0.7,0.004988,0.01,0.0
261,0.0,krajbich2010,1.0,0.0,2.0,0.0,2.0,11.0,1921.0,3,19.0,8.3e-05,0.7,0.004988,0.01,0.0
262,0.0,krajbich2010,1.0,0.0,2.0,0.0,2.0,12.0,1961.0,3,19.0,8.3e-05,0.7,0.004988,0.01,0.0
263,0.0,krajbich2010,1.0,0.0,2.0,0.0,2.0,13.0,2011.0,3,19.0,8.3e-05,0.7,0.004988,0.01,0.0
264,0.0,krajbich2010,1.0,0.0,2.0,0.0,2.0,14.0,2360.0,3,19.0,8.3e-05,0.7,0.004988,0.01,0.0
265,1.0,krajbich2010,1.0,0.0,2.0,0.0,2.0,15.0,2119.0,3,19.0,8.3e-05,0.7,0.004988,0.01,0.0
266,0.0,krajbich2010,1.0,0.0,2.0,0.0,2.0,16.0,1608.0,3,19.0,8.3e-05,0.7,0.004988,0.01,0.0
267,0.0,krajbich2010,1.0,0.0,2.0,0.0,2.0,17.0,1890.0,3,19.0,8.3e-05,0.7,0.004988,0.01,0.0
268,0.0,krajbich2010,1.0,0.0,2.0,0.0,2.0,18.0,2350.0,3,19.0,8.3e-05,0.7,0.004988,0.01,0.0
269,1.0,krajbich2010,1.0,0.0,2.0,0.0,2.0,19.0,2048.0,3,19.0,8.3e-05,0.7,0.004988,0.01,0.0
270,0.0,krajbich2010,1.0,0.0,2.0,0.0,2.0,20.0,2540.0,3,19.0,8.3e-05,0.7,0.004988,0.01,0.0
271,1.0,krajbich2010,1.0,0.0,2.0,0.0,2.0,21.0,2008.0,3,19.0,8.3e-05,0.7,0.004988,0.01,0.0
272,0.0,krajbich2010,1.0,0.0,2.0,0.0,2.0,22.0,1688.0,3,19.0,8.3e-05,0.7,0.004988,0.01,0.0
273,1.0,krajbich2010,1.0,0.0,2.0,0.0,2.0,23.0,2074.0,3,19.0,8.3e-05,0.7,0.004988,0.01,0.0
274,1.0,krajbich2010,1.0,0.0,2.0,0.0,2.0,24.0,2586.0,3,19.0,8.3e-05,0.7,0.004988,0.01,0.0
275,1.0,krajbich2010,1.0,0.0,2.0,0.0,2.0,25.0,2255.0,3,19.0,8.3e-05,0.7,0.004988,0.01,0.0
276,1.0,krajbich2010,1.0,0.0,2.0,0.0,2.0,26.0,1752.0,3,19.0,8.3e-05,0.7,0.004988,0.01,0.0
277,0.0,krajbich2010,1.0,0.0,2.0,0.0,2.0,27.0,2554.0,3,19.0,8.3e-05,0.7,0.004988,0.01,0.0
278,0.0,krajbich2010,1.0,0.0,2.0,0.0,2.0,28.0,2000.0,3,19.0,8.3e-05,0.7,0.004988,0.01,0.0
279,1.0,krajbich2010,1.0,0.0,2.0,0.0,2.0,29.0,2190.0,3,19.0,8.3e-05,0.7,0.004988,0.01,0.0
280,0.0,krajbich2010,1.0,0.0,2.0,0.0,2.0,30.0,1891.0,3,19.0,8.3e-05,0.7,0.004988,0.01,0.0
281,0.0,krajbich2010,1.0,0.0,2.0,0.0,2.0,31.0,1698.0,3,19.0,8.3e-05,0.7,0.004988,0.01,0.0
282,0.0,krajbich2010,1.0,0.0,2.0,0.0,2.0,32.0,1877.0,3,19.0,8.3e-05,0.7,0.004988,0.01,0.0
283,0.0,krajbich2010,1.0,0.0,2.0,0.0,2.0,33.0,2135.0,3,19.0,8.3e-05,0.7,0.004988,0.01,0.0
284,0.0,krajbich2010,1.0,0.0,2.0,0.0,2.0,34.0,2161.0,3,19.0,8.3e-05,0.7,0.004988,0.01,0.0
285,1.0,krajbich2010,1.0,0.0,2.0,0.0,2.0,35.0,1785.0,3,19.0,8.3e-05,0.7,0.004988,0.01,0.0
286,1.0,krajbich2010,1.0,0.0,2.0,0.0,2.0,36.0,1845.0,3,19.0,8.3e-05,0.7,0.004988,0.01,0.0
287,1.0,krajbich2010,1.0,0.0,2.0,0.0,2.0,37.0,1579.0,3,19.0,8.3e-05,0.7,0.004988,0.01,0.0
288,0.0,krajbich2010,1.0,0.0,2.0,0.0,2.0,38.0,1629.0,3,19.0,8.3e-05,0.7,0.004988,0.01,0.0
289,0.0,krajbich2010,1.0,0.0,2.0,0.0,2.0,39.0,2083.0,3,19.0,8.3e-05,0.7,0.004988,0.01,0.0
290,1.0,krajbich2010,1.0,0.0,2.0,0.0,2.0,40.0,1530.0,3,19.0,8.3e-05,0.7,0.004988,0.01,0.0
291,1.0,krajbich2010,1.0,0.0,2.0,0.0,2.0,41.0,2225.0,3,19.0,8.3e-05,0.7,0.004988,0.01,0.0
292,0.0,krajbich2010,1.0,0.0,2.0,0.0,2.0,42.0,1404.0,3,19.0,8.3e-05,0.7,0.004988,0.01,0.0
293,1.0,krajbich2010,1.0,0.0,2.0,0.0,2.0,43.0,2644.0,3,19.0,8.3e-05,0.7,0.004988,0.01,0.0
294,0.0,krajbich2010,1.0,0.0,2.0,0.0,2.0,44.0,1743.0,3,19.0,8.3e-05,0.7,0.004988,0.01,0.0
295,1.0,krajbich2010,1.0,0.0,2.0,0.0,2.0,45.0,4730.0,3,19.0,8.3e-05,0.7,0.004988,0.01,0.0
296,0.0,krajbich2010,1.0,0.0,2.0,0.0,2.0,46.0,1720.0,3,19.0,8.3e-05,0.7,0.004988,0.01,0.0
297,1.0,krajbich2010,1.0,0.0,2.0,0.0,2.0,47.0,2008.0,3,19.0,8.3e-05,0.7,0.004988,0.01,0.0
298,1.0,krajbich2010,1.0,0.0,2.0,0.0,2.0,48.0,1477.0,3,19.0,8.3e-05,0.7,0.004988,0.01,0.0
299,0.0,krajbich2010,1.0,0.0,2.0,0.0,2.0,49.0,2364.0,3,19.0,8.3e-05,0.7,0.004988,0.01,0.0
300,0.0,krajbich2010,1.0,0.0,3.0,2.0,2.0,0.0,1975.0,3,21.0,8.3e-05,0.7,0.004988,0.01,0.0
301,1.0,krajbich2010,1.0,0.0,3.0,2.0,2.0,1.0,1818.0,3,21.0,8.3e-05,0.7,0.004988,0.01,0.0
302,0.0,krajbich2010,1.0,0.0,3.0,2.0,2.0,2.0,2712.0,3,21.0,8.3e-05,0.7,0.004988,0.01,0.0
303,0.0,krajbich2010,1.0,0.0,3.0,2.0,2.0,3.0,2229.0,3,21.0,8.3e-05,0.7,0.004988,0.01,0.0
304,1.0,krajbich2010,1.0,0.0,3.0,2.0,2.0,4.0,1751.0,3,21.0,8.3e-05,0.7,0.004988,0.01,0.0
305,0.0,krajbich2010,1.0,0.0,3.0,2.0,2.0,5.0,2645.0,3,21.0,8.3e-05,0.7,0.004988,0.01,0.0
306,0.0,krajbich2010,1.0,0.0,3.0,2.0,2.0,6.0,1941.0,3,21.0,8.3e-05,0.7,0.004988,0.01,0.0
307,0.0,krajbich2010,1.0,0.0,3.0,2.0,2.0,7.0,2102.0,3,21.0,8.3e-05,0.7,0.004988,0.01,0.0
308,0.0,krajbich2010,1.0,0.0,3.0,2.0,2.0,8.0,2374.0,3,21.0,8.3e-05,0.7,0.004988,0.01,0.0
309,1.0,krajbich2010,1.0,0.0,3.0,2.0,2.0,9.0,2231.0,3,21.0,8.3e-05,0.7,0.004988,0.01,0.0
310,1.0,krajbich2010,1.0,0.0,3.0,2.0,2.0,10.0,2180.0,3,21.0,8.3e-05,0.7,0.004988,0.01,0.0
311,1.0,krajbich2010,1.0,0.0,3.0,2.0,2.0,11.0,1728.0,3,21.0,8.3e-05,0.7,0.004988,0.01,0.0
312,0.0,krajbich2010,1.0,0.0,3.0,2.0,2.0,12.0,2195.0,3,21.0,8.3e-05,0.7,0.004988,0.01,0.0
313,0.0,krajbich2010,1.0,0.0,3.0,2.0,2.0,13.0,2001.0,3,21.0,8.3e-05,0.7,0.004988,0.01,0.0
314,0.0,krajbich2010,1.0,0.0,3.0,2.0,2.0,14.0,1811.0,3,21.0,8.3e-05,0.7,0.004988,0.01,0.0
315,0.0,krajbich2010,1.0,0.0,3.0,2.0,2.0,15.0,2408.0,3,21.0,8.3e-05,0.7,0.004988,0.01,0.0
316,1.0,krajbich2010,1.0,0.0,3.0,2.0,2.0,16.0,2391.0,3,21.0,8.3e-05,0.7,0.004988,0.01,0.0
317,0.0,krajbich2010,1.0,0.0,3.0,2.0,2.0,17.0,1722.0,3,21.0,8.3e-05,0.7,0.004988,0.01,0.0
318,0.0,krajbich2010,1.0,0.0,3.0,2.0,2.0,18.0,2302.0,3,21.0,8.3e-05,0.7,0.004988,0.01,0.0
319,1.0,krajbich2010,1.0,0.0,3.0,2.0,2.0,19.0,1705.0,3,21.0,8.3e-05,0.7,0.004988,0.01,0.0
320,0.0,krajbich2010,1.0,0.0,3.0,2.0,2.0,20.0,2333.0,3,21.0,8.3e-05,0.7,0.004988,0.01,0.0
321,0.0,krajbich2010,1.0,0.0,3.0,2.0,2.0,21.0,1526.0,3,21.0,8.3e-05,0.7,0.004988,0.01,0.0
322,0.0,krajbich2010,1.0,0.0,3.0,2.0,2.0,22.0,1671.0,3,21.0,8.3e-05,0.7,0.004988,0.01,0.0
323,0.0,krajbich2010,1.0,0.0,3.0,2.0,2.0,23.0,2815.0,3,21.0,8.3e-05,0.7,0.004988,0.01,0.0
324,0.0,krajbich2010,1.0,0.0,3.0,2.0,2.0,24.0,1526.0,3,21.0,8.3e-05,0.7,0.004988,0.01,0.0
325,0.0,krajbich2010,1.0,0.0,3.0,2.0,2.0,25.0,2058.0,3,21.0,8.3e-05,0.7,0.004988,0.01,0.0
326,1.0,krajbich2010,1.0,0.0,3.0,2.0,2.0,26.0,2539.0,3,21.0,8.3e-05,0.7,0.004988,0.01,0.0
327,0.0,krajbich2010,1.0,0.0,3.0,2.0,2.0,27.0,1813.0,3,21.0,8.3e-05,0.7,0.004988,0.01,0.0
328,0.0,krajbich2010,1.0,0.0,3.0,2.0,2.0,28.0,2475.0,3,21.0,8.3e-05,0.7,0.004988,0.01,0.0
329,1.0,krajbich2010,1.0,0.0,3.0,2.0,2.0,29.0,2106.0,3,21.0,8.3e-05,0.7,0.004988,0.01,0.0
330,1.0,krajbich2010,1.0,0.0,3.0,2.0,2.0,30.0,1955.0,3,21.0,8.3e-05,0.7,0.004988,0.01,0.0
331,1.0,krajbich2010,1.0,0.0,3.0,2.0,2.0,31.0,1746.0,3,21.0,8.3e-05,0.7,0.004988,0.01,0.0
332,1.0,krajbich2010,1.0,0.0,3.0,2.0,2.0,32.0,3153.0,3,21.0,8.3e-05,0.7,0.004988,0.01,0.0
333,0.0,krajbich2010,1.0,0.0,3.0,2.0,2.0,33.0,1985.0,3,21.0,8.3e-05,0.7,0.004988,0.01,0.0
334,0.0,krajbich2010,1.0,0.0,3.0,2.0,2.0,34.0,2512.0,3,21.0,8.3e-05,0.7,0.004988,0.01,0.0
335,1.0,krajbich2010,1.0,0.0,3.0,2.0,2.0,35.0,1739.0,3,21.0,8.3e-05,0.7,0.004988,0.01,0.0
336,1.0,krajbich2010,1.0,0.0,3.0,2.0,2.0,36.0,2259.0,3,21.0,8.3e-05,0.7,0.004988,0.01,0.0
337,0.0,krajbich2010,1.0,0.0,3.0,2.0,2.0,37.0,2183.0,3,21.0,8.3e-05,0.7,0.004988,0.01,0.0
338,1.0,krajbich2010,1.0,0.0,3.0,2.0,2.0,38.0,1885.0,3,21.0,8.3e-05,0.7,0.004988,0.01,0.0
339,1.0,krajbich2010,1.0,0.0,3.0,2.0,2.0,39.0,3415.0,3,21.0,8.3e-05,0.7,0.004988,0.01,0.0
340,0.0,krajbich2010,1.0,0.0,3.0,2.0,2.0,40.0,1434.0,3,21.0,8.3e-05,0.7,0.004988,0.01,0.0
341,0.0,krajbich2010,1.0,0.0,3.0,2.0,2.0,41.0,1911.0,3,21.0,8.3e-05,0.7,0.004988,0.01,0.0
342,1.0,krajbich2010,1.0,0.0,3.0,2.0,2.0,42.0,1754.0,3,21.0,8.3e-05,0.7,0.004988,0.01,0.0
343,1.0,krajbich2010,1.0,0.0,3.0,2.0,2.0,43.0,1899.0,3,21.0,8.3e-05,0.7,0.004988,0.01,0.0
344,1.0,krajbich2010,1.0,0.0,3.0,2.0,2.0,44.0,2375.0,3,21.0,8.3e-05,0.7,0.004988,0.01,0.0
345,0.0,krajbich2010,1.0,0.0,3.0,2.0,2.0,45.0,1845.0,3,21.0,8.3e-05,0.7,0.004988,0.01,0.0
346,0.0,krajbich2010,1.0,0.0,3.0,2.0,2.0,46.0,2133.0,3,21.0,8.3e-05,0.7,0.004988,0.01,0.0
347,1.0,krajbich2010,1.0,0.0,3.0,2.0,2.0,47.0,2433.0,3,21.0,8.3e-05,0.7,0.004988,0.01,0.0
348,1.0,krajbich2010,1.0,0.0,3.0,2.0,2.0,48.0,3069.0,3,21.0,8.3e-05,0.7,0.004988,0.01,0.0
349,1.0,krajbich2010,1.0,0.0,3.0,2.0,2.0,49.0,2402.0,3,21.0,8.3e-05,0.7,0.004988,0.01,0.0
350,0.0,krajbich2010,0.16181229054927826,0.8381876945495605,1.0,3.0,2.0,0.0,1490.0,3,25.0,8.3e-05,0.7,0.004988,0.01,0.0
351,1.0,krajbich2010,0.16181229054927826,0.8381876945495605,1.0,3.0,2.0,1.0,2238.0,3,25.0,8.3e-05,0.7,0.004988,0.01,0.0
352,1.0,krajbich2010,0.16181229054927826,0.8381876945495605,1.0,3.0,2.0,2.0,2096.0,3,25.0,8.3e-05,0.7,0.004988,0.01,0.0
353,0.0,krajbich2010,0.16181229054927826,0.8381876945495605,1.0,3.0,2.0,3.0,2011.0,3,25.0,8.3e-05,0.7,0.004988,0.01,0.0
354,0.0,krajbich2010,0.16181229054927826,0.8381876945495605,1.0,3.0,2.0,4.0,2162.0,3,25.0,8.3e-05,0.7,0.004988,0.01,0.0
355,0.0,krajbich2010,0.16181229054927826,0.8381876945495605,1.0,3.0,2.0,5.0,1652.0,3,25.0,8.3e-05,0.7,0.004988,0.01,0.0
356,1.0,krajbich2010,0.16181229054927826,0.8381876945495605,1.0,3.0,2.0,6.0,2270.0,3,25.0,8.3e-05,0.7,0.004988,0.01,0.0
357,1.0,krajbich2010,0.16181229054927826,0.8381876945495605,1.0,3.0,2.0,7.0,1826.0,3,25.0,8.3e-05,0.7,0.004988,0.01,0.0
358,0.0,krajbich2010,0.16181229054927826,0.8381876945495605,1.0,3.0,2.0,8.0,2216.0,3,25.0,8.3e-05,0.7,0.004988,0.01,0.0
359,0.0,krajbich2010,0.16181229054927826,0.8381876945495605,1.0,3.0,2.0,9.0,2516.0,3,25.0,8.3e-05,0.7,0.004988,0.01,0.0
360,0.0,krajbich2010,0.16181229054927826,0.8381876945495605,1.0,3.0,2.0,10.0,2304.0,3,25.0,8.3e-05,0.7,0.004988,0.01,0.0
361,1.0,krajbich2010,0.16181229054927826,0.8381876945495605,1.0,3.0,2.0,11.0,2861.0,3,25.0,8.3e-05,0.7,0.004988,0.01,0.0
362,0.0,krajbich2010,0.16181229054927826,0.8381876945495605,1.0,3.0,2.0,12.0,1957.0,3,25.0,8.3e-05,0.7,0.004988,0.01,0.0
363,1.0,krajbich2010,0.16181229054927826,0.8381876945495605,1.0,3.0,2.0,13.0,2890.0,3,25.0,8.3e-05,0.7,0.004988,0.01,0.0
364,1.0,krajbich2010,0.16181229054927826,0.8381876945495605,1.0,3.0,2.0,14.0,2602.0,3,25.0,8.3e-05,0.7,0.004988,0.01,0.0
365,1.0,krajbich2010,0.16181229054927826,0.8381876945495605,1.0,3.0,2.0,15.0,1397.0,3,25.0,8.3e-05,0.7,0.004988,0.01,0.0
366,1.0,krajbich2010,0.16181229054927826,0.8381876945495605,1.0,3.0,2.0,16.0,1938.0,3,25.0,8.3e-05,0.7,0.004988,0.01,0.0
367,0.0,krajbich2010,0.16181229054927826,0.8381876945495605,1.0,3.0,2.0,17.0,2778.0,3,25.0,8.3e-05,0.7,0.004988,0.01,0.0
368,0.0,krajbich2010,0.16181229054927826,0.8381876945495605,1.0,3.0,2.0,18.0,1670.0,3,25.0,8.3e-05,0.7,0.004988,0.01,0.0
369,0.0,krajbich2010,0.16181229054927826,0.8381876945495605,1.0,3.0,2.0,19.0,2138.0,3,25.0,8.3e-05,0.7,0.004988,0.01,0.0
370,0.0,krajbich2010,0.16181229054927826,0.8381876945495605,1.0,3.0,2.0,20.0,2102.0,3,25.0,8.3e-05,0.7,0.004988,0.01,0.0
371,1.0,krajbich2010,0.16181229054927826,0.8381876945495605,1.0,3.0,2.0,21.0,2295.0,3,25.0,8.3e-05,0.7,0.004988,0.01,0.0
372,0.0,krajbich2010,0.16181229054927826,0.8381876945495605,1.0,3.0,2.0,22.0,1584.0,3,25.0,8.3e-05,0.7,0.004988,0.01,0.0
373,1.0,krajbich2010,0.16181229054927826,0.8381876945495605,1.0,3.0,2.0,23.0,1705.0,3,25.0,8.3e-05,0.7,0.004988,0.01,0.0
374,0.0,krajbich2010,0.16181229054927826,0.8381876945495605,1.0,3.0,2.0,24.0,1122.0,3,25.0,8.3e-05,0.7,0.004988,0.01,0.0
375,1.0,krajbich2010,0.16181229054927826,0.8381876945495605,1.0,3.0,2.0,25.0,2243.0,3,25.0,8.3e-05,0.7,0.004988,0.01,0.0
376,1.0,krajbich2010,0.16181229054927826,0.8381876945495605,1.0,3.0,2.0,26.0,2458.0,3,25.0,8.3e-05,0.7,0.004988,0.01,0.0
377,0.0,krajbich2010,0.16181229054927826,0.8381876945495605,1.0,3.0,2.0,27.0,2061.0,3,25.0,8.3e-05,0.7,0.004988,0.01,0.0
378,1.0,krajbich2010,0.16181229054927826,0.8381876945495605,1.0,3.0,2.0,28.0,2612.0,3,25.0,8.3e-05,0.7,0.004988,0.01,0.0
379,1.0,krajbich2010,0.16181229054927826,0.8381876945495605,1.0,3.0,2.0,29.0,1873.0,3,25.0,8.3e-05,0.7,0.004988,0.01,0.0
380,1.0,krajbich2010,0.16181229054927826,0.8381876945495605,1.0,3.0,2.0,30.0,1816.0,3,25.0,8.3e-05,0.7,0.004988,0.01,0.0
381,0.0,krajbich2010,0.16181229054927826,0.8381876945495605,1.0,3.0,2.0,31.0,2334.0,3,25.0,8.3e-05,0.7,0.004988,0.01,0.0
382,1.0,krajbich2010,0.16181229054927826,0.8381876945495605,1.0,3.0,2.0,32.0,2521.0,3,25.0,8.3e-05,0.7,0.004988,0.01,0.0
383,1.0,krajbich2010,0.16181229054927826,0.8381876945495605,1.0,3.0,2.0,33.0,2564.0,3,25.0,8.3e-05,0.7,0.004988,0.01,0.0
384,1.0,krajbich2010,0.16181229054927826,0.8381876945495605,1.0,3.0,2.0,34.0,3662.0,3,25.0,8.3e-05,0.7,0.004988,0.01,0.0
385,0.0,krajbich2010,0.16181229054927826,0.8381876945495605,1.0,3.0,2.0,35.0,2184.0,3,25.0,8.3e-05,0.7,0.004988,0.01,0.0
386,0.0,krajbich2010,0.16181229054927826,0.8381876945495605,1.0,3.0,2.0,36.0,1955.0,3,25.0,8.3e-05,0.7,0.004988,0.01,0.0
387,0.0,krajbich2010,0.16181229054927826,0.8381876945495605,1.0,3.0,2.0,37.0,2633.0,3,25.0,8.3e-05,0.7,0.004988,0.01,0.0
388,1.0,krajbich2010,0.16181229054927826,0.8381876945495605,1.0,3.0,2.0,38.0,2592.0,3,25.0,8.3e-05,0.7,0.004988,0.01,0.0
389,0.0,krajbich2010,0.16181229054927826,0.8381876945495605,1.0,3.0,2.0,39.0,1861.0,3,25.0,8.3e-05,0.7,0.004988,0.01,0.0
390,0.0,krajbich2010,0.16181229054927826,0.8381876945495605,1.0,3.0,2.0,40.0,2297.0,3,25.0,8.3e-05,0.7,0.004988,0.01,0.0
391,1.0,krajbich2010,0.16181229054927826,0.8381876945495605,1.0,3.0,2.0,41.0,1969.0,3,25.0,8.3e-05,0.7,0.004988,0.01,0.0
392,1.0,krajbich2010,0.16181229054927826,0.8381876945495605,1.0,3.0,2.0,42.0,1907.0,3,25.0,8.3e-05,0.7,0.004988,0.01,0.0
393,1.0,krajbich2010,0.16181229054927826,0.8381876945495605,1.0,3.0,2.0,43.0,2633.0,3,25.0,8.3e-05,0.7,0.004988,0.01,0.0
394,0.0,krajbich2010,0.16181229054927826,0.8381876945495605,1.0,3.0,2.0,44.0,1741.0,3,25.0,8.3e-05,0.7,0.004988,0.01,0.0
395,0.0,krajbich2010,0.16181229054927826,0.8381876945495605,1.0,3.0,2.0,45.0,2384.0,3,25.0,8.3e-05,0.7,0.004988,0.01,0.0
396,1.0,krajbich2010,0.16181229054927826,0.8381876945495605,1.0,3.0,2.0,46.0,1952.0,3,25.0,8.3e-05,0.7,0.004988,0.01,0.0
397,0.0,krajbich2010,0.16181229054927826,0.8381876945495605,1.0,3.0,2.0,47.0,2312.0,3,25.0,8.3e-05,0.7,0.004988,0.01,0.0
398,0.0,krajbich2010,0.16181229054927826,0.8381876945495605,1.0,3.0,2.0,48.0,2130.0,3,25.0,8.3e-05,0.7,0.004988,0.01,0.0
399,0.0,krajbich2010,0.16181229054927826,0.8381876945495605,1.0,3.0,2.0,49.0,2433.0,3,25.0,8.3e-05,0.7,0.004988,0.01,0.0
400,0.0,krajbich2010,1.0,0.0,5.0,3.0,2.0,0.0,2450.0,3,27.0,8.3e-05,0.7,0.004988,0.01,0.0
401,0.0,krajbich2010,1.0,0.0,5.0,3.0,2.0,1.0,2159.0,3,27.0,8.3e-05,0.7,0.004988,0.01,0.0
402,1.0,krajbich2010,1.0,0.0,5.0,3.0,2.0,2.0,2592.0,3,27.0,8.3e-05,0.7,0.004988,0.01,0.0
403,0.0,krajbich2010,1.0,0.0,5.0,3.0,2.0,3.0,1919.0,3,27.0,8.3e-05,0.7,0.004988,0.01,0.0
404,0.0,krajbich2010,1.0,0.0,5.0,3.0,2.0,4.0,2594.0,3,27.0,8.3e-05,0.7,0.004988,0.01,0.0
405,1.0,krajbich2010,1.0,0.0,5.0,3.0,2.0,5.0,1987.0,3,27.0,8.3e-05,0.7,0.004988,0.01,0.0
406,0.0,krajbich2010,1.0,0.0,5.0,3.0,2.0,6.0,1930.0,3,27.0,8.3e-05,0.7,0.004988,0.01,0.0
407,0.0,krajbich2010,1.0,0.0,5.0,3.0,2.0,7.0,2467.0,3,27.0,8.3e-05,0.7,0.004988,0.01,0.0
408,0.0,krajbich2010,1.0,0.0,5.0,3.0,2.0,8.0,2314.0,3,27.0,8.3e-05,0.7,0.004988,0.01,0.0
409,1.0,krajbich2010,1.0,0.0,5.0,3.0,2.0,9.0,1637.0,3,27.0,8.3e-05,0.7,0.004988,0.01,0.0
410,1.0,krajbich2010,1.0,0.0,5.0,3.0,2.0,10.0,1645.0,3,27.0,8.3e-05,0.7,0.004988,0.01,0.0
411,1.0,krajbich2010,1.0,0.0,5.0,3.0,2.0,11.0,1641.0,3,27.0,8.3e-05,0.7,0.004988,0.01,0.0
412,0.0,krajbich2010,1.0,0.0,5.0,3.0,2.0,12.0,1908.0,3,27.0,8.3e-05,0.7,0.004988,0.01,0.0
413,1.0,krajbich2010,1.0,0.0,5.0,3.0,2.0,13.0,1381.0,3,27.0,8.3e-05,0.7,0.004988,0.01,0.0
414,0.0,krajbich2010,1.0,0.0,5.0,3.0,2.0,14.0,1871.0,3,27.0,8.3e-05,0.7,0.004988,0.01,0.0
415,0.0,krajbich2010,1.0,0.0,5.0,3.0,2.0,15.0,3814.0,3,27.0,8.3e-05,0.7,0.004988,0.01,0.0
416,1.0,krajbich2010,1.0,0.0,5.0,3.0,2.0,16.0,3147.0,3,27.0,8.3e-05,0.7,0.004988,0.01,0.0
417,1.0,krajbich2010,1.0,0.0,5.0,3.0,2.0,17.0,1847.0,3,27.0,8.3e-05,0.7,0.004988,0.01,0.0
418,0.0,krajbich2010,1.0,0.0,5.0,3.0,2.0,18.0,1977.0,3,27.0,8.3e-05,0.7,0.004988,0.01,0.0
419,1.0,krajbich2010,1.0,0.0,5.0,3.0,2.0,19.0,2134.0,3,27.0,8.3e-05,0.7,0.004988,0.01,0.0
420,1.0,krajbich2010,1.0,0.0,5.0,3.0,2.0,20.0,2999.0,3,27.0,8.3e-05,0.7,0.004988,0.01,0.0
421,1.0,krajbich2010,1.0,0.0,5.0,3.0,2.0,21.0,2209.0,3,27.0,8.3e-05,0.7,0.004988,0.01,0.0
422,0.0,krajbich2010,1.0,0.0,5.0,3.0,2.0,22.0,1876.0,3,27.0,8.3e-05,0.7,0.004988,0.01,0.0
423,0.0,krajbich2010,1.0,0.0,5.0,3.0,2.0,23.0,2564.0,3,27.0,8.3e-05,0.7,0.004988,0.01,0.0
424,0.0,krajbich2010,1.0,0.0,5.0,3.0,2.0,24.0,2726.0,3,27.0,8.3e-05,0.7,0.004988,0.01,0.0
425,0.0,krajbich2010,1.0,0.0,5.0,3.0,2.0,25.0,2424.0,3,27.0,8.3e-05,0.7,0.004988,0.01,0.0
426,1.0,krajbich2010,1.0,0.0,5.0,3.0,2.0,26.0,2257.0,3,27.0,8.3e-05,0.7,0.004988,0.01,0.0
427,0.0,krajbich2010,1.0,0.0,5.0,3.0,2.0,27.0,2616.0,3,27.0,8.3e-05,0.7,0.004988,0.01,0.0
428,0.0,krajbich2010,1.0,0.0,5.0,3.0,2.0,28.0,1275.0,3,27.0,8.3e-05,0.7,0.004988,0.01,0.0
429,0.0,krajbich2010,1.0,0.0,5.0,3.0,2.0,29.0,2154.0,3,27.0,8.3e-05,0.7,0.004988,0.01,0.0
430,1.0,krajbich2010,1.0,0.0,5.0,3.0,2.0,30.0,2502.0,3,27.0,8.3e-05,0.7,0.004988,0.01,0.0
431,0.0,krajbich2010,1.0,0.0,5.0,3.0,2.0,31.0,1371.0,3,27.0,8.3e-05,0.7,0.004988,0.01,0.0
432,0.0,krajbich2010,1.0,0.0,5.0,3.0,2.0,32.0,2410.0,3,27.0,8.3e-05,0.7,0.004988,0.01,0.0
433,0.0,krajbich2010,1.0,0.0,5.0,3.0,2.0,33.0,2014.0,3,27.0,8.3e-05,0.7,0.004988,0.01,0.0
434,1.0,krajbich2010,1.0,0.0,5.0,3.0,2.0,34.0,1503.0,3,27.0,8.3e-05,0.7,0.004988,0.01,0.0
435,0.0,krajbich2010,1.0,0.0,5.0,3.0,2.0,35.0,1879.0,3,27.0,8.3e-05,0.7,0.004988,0.01,0.0
436,1.0,krajbich2010,1.0,0.0,5.0,3.0,2.0,36.0,1735.0,3,27.0,8.3e-05,0.7,0.004988,0.01,0.0
437,0.0,krajbich2010,1.0,0.0,5.0,3.0,2.0,37.0,1742.0,3,27.0,8.3e-05,0.7,0.004988,0.01,0.0
438,0.0,krajbich2010,1.0,0.0,5.0,3.0,2.0,38.0,2038.0,3,27.0,8.3e-05,0.7,0.004988,0.01,0.0
439,1.0,krajbich2010,1.0,0.0,5.0,3.0,2.0,39.0,1715.0,3,27.0,8.3e-05,0.7,0.004988,0.01,0.0
440,1.0,krajbich2010,1.0,0.0,5.0,3.0,2.0,40.0,1446.0,3,27.0,8.3e-05,0.7,0.004988,0.01,0.0
441,1.0,krajbich2010,1.0,0.0,5.0,3.0,2.0,41.0,2251.0,3,27.0,8.3e-05,0.7,0.004988,0.01,0.0
442,1.0,krajbich2010,1.0,0.0,5.0,3.0,2.0,42.0,1762.0,3,27.0,8.3e-05,0.7,0.004988,0.01,0.0
443,0.0,krajbich2010,1.0,0.0,5.0,3.0,2.0,43.0,2066.0,3,27.0,8.3e-05,0.7,0.004988,0.01,0.0
444,0.0,krajbich2010,1.0,0.0,5.0,3.0,2.0,44.0,1771.0,3,27.0,8.3e-05,0.7,0.004988,0.01,0.0
445,0.0,krajbich2010,1.0,0.0,5.0,3.0,2.0,45.0,2023.0,3,27.0,8.3e-05,0.7,0.004988,0.01,0.0
446,0.0,krajbich2010,1.0,0.0,5.0,3.0,2.0,46.0,2002.0,3,27.0,8.3e-05,0.7,0.004988,0.01,0.0
447,0.0,krajbich2010,1.0,0.0,5.0,3.0,2.0,47.0,1701.0,3,27.0,8.3e-05,0.7,0.004988,0.01,0.0
448,0.0,krajbich2010,1.0,0.0,5.0,3.0,2.0,48.0,2511.0,3,27.0,8.3e-05,0.7,0.004988,0.01,0.0
449,0.0,krajbich2010,1.0,0.0,5.0,3.0,2.0,49.0,1407.0,3,27.0,8.3e-05,0.7,0.004988,0.01,0.0
450,0.0,krajbich2010,0.4035242199897766,0.5964757800102234,3.0,3.0,2.0,0.0,2203.0,3,31.0,8.3e-05,0.7,0.004988,0.01,0.0
451,0.0,krajbich2010,0.4035242199897766,0.5964757800102234,3.0,3.0,2.0,1.0,1657.0,3,31.0,8.3e-05,0.7,0.004988,0.01,0.0
452,0.0,krajbich2010,0.4035242199897766,0.5964757800102234,3.0,3.0,2.0,2.0,1893.0,3,31.0,8.3e-05,0.7,0.004988,0.01,0.0
453,1.0,krajbich2010,0.4035242199897766,0.5964757800102234,3.0,3.0,2.0,3.0,1749.0,3,31.0,8.3e-05,0.7,0.004988,0.01,0.0
454,0.0,krajbich2010,0.4035242199897766,0.5964757800102234,3.0,3.0,2.0,4.0,2441.0,3,31.0,8.3e-05,0.7,0.004988,0.01,0.0
455,1.0,krajbich2010,0.4035242199897766,0.5964757800102234,3.0,3.0,2.0,5.0,2128.0,3,31.0,8.3e-05,0.7,0.004988,0.01,0.0
456,1.0,krajbich2010,0.4035242199897766,0.5964757800102234,3.0,3.0,2.0,6.0,2841.0,3,31.0,8.3e-05,0.7,0.004988,0.01,0.0
457,1.0,krajbich2010,0.4035242199897766,0.5964757800102234,3.0,3.0,2.0,7.0,1951.0,3,31.0,8.3e-05,0.7,0.004988,0.01,0.0
458,1.0,krajbich2010,0.4035242199897766,0.5964757800102234,3.0,3.0,2.0,8.0,1813.0,3,31.0,8.3e-05,0.7,0.004988,0.01,0.0
459,0.0,krajbich2010,0.4035242199897766,0.5964757800102234,3.0,3.0,2.0,9.0,1698.0,3,31.0,8.3e-05,0.7,0.004988,0.01,0.0
460,0.0,krajbich2010,0.4035242199897766,0.5964757800102234,3.0,3.0,2.0,10.0,2290.0,3,31.0,8.3e-05,0.7,0.004988,0.01,0.0
461,0.0,krajbich2010,0.4035242199897766,0.5964757800102234,3.0,3.0,2.0,11.0,2224.0,3,31.0,8.3e-05,0.7,0.004988,0.01,0.0
462,1.0,krajbich2010,0.4035242199897766,0.5964757800102234,3.0,3.0,2.0,12.0,2046.0,3,31.0,8.3e-05,0.7,0.004988,0.01,0.0
463,1.0,krajbich2010,0.4035242199897766,0.5964757800102234,3.0,3.0,2.0,13.0,1810.0,3,31.0,8.3e-05,0.7,0.004988,0.01,0.0
464,1.0,krajbich2010,0.4035242199897766,0.5964757800102234,3.0,3.0,2.0,14.0,1748.0,3,31.0,8.3e-05,0.7,0.004988,0.01,0.0
465,1.0,krajbich2010,0.4035242199897766,0.5964757800102234,3.0,3.0,2.0,15.0,2085.0,3,31.0,8.3e-05,0.7,0.004988,0.01,0.0
466,1.0,krajbich2010,0.4035242199897766,0.5964757800102234,3.0,3.0,2.0,16.0,2399.0,3,31.0,8.3e-05,0.7,0.004988,0.01,0.0
467,1.0,krajbich2010,0.4035242199897766,0.5964757800102234,3.0,3.0,2.0,17.0,2142.0,3,31.0,8.3e-05,0.7,0.004988,0.01,0.0
468,0.0,krajbich2010,0.4035242199897766,0.5964757800102234,3.0,3.0,2.0,18.0,2328.0,3,31.0,8.3e-05,0.7,0.004988,0.01,0.0
469,1.0,krajbich2010,0.4035242199897766,0.5964757800102234,3.0,3.0,2.0,19.0,2213.0,3,31.0,8.3e-05,0.7,0.004988,0.01,0.0
470,0.0,krajbich2010,0.4035242199897766,0.5964757800102234,3.0,3.0,2.0,20.0,1625.0,3,31.0,8.3e-05,0.7,0.004988,0.01,0.0
471,1.0,krajbich2010,0.4035242199897766,0.5964757800102234,3.0,3.0,2.0,21.0,1704.0,3,31.0,8.3e-05,0.7,0.004988,0.01,0.0
472,0.0,krajbich2010,0.4035242199897766,0.5964757800102234,3.0,3.0,2.0,22.0,2052.0,3,31.0,8.3e-05,0.7,0.004988,0.01,0.0
473,1.0,krajbich2010,0.4035242199897766,0.5964757800102234,3.0,3.0,2.0,23.0,1755.0,3,31.0,8.3e-05,0.7,0.004988,0.01,0.0
474,1.0,krajbich2010,0.4035242199897766,0.5964757800102234,3.0,3.0,2.0,24.0,1571.0,3,31.0,8.3e-05,0.7,0.004988,0.01,0.0
475,0.0,krajbich2010,0.4035242199897766,0.5964757800102234,3.0,3.0,2.0,25.0,2379.0,3,31.0,8.3e-05,0.7,0.004988,0.01,0.0
476,0.0,krajbich2010,0.4035242199897766,0.5964757800102234,3.0,3.0,2.0,26.0,2217.0,3,31.0,8.3e-05,0.7,0.004988,0.01,0.0
477,1.0,krajbich2010,0.4035242199897766,0.5964757800102234,3.0,3.0,2.0,27.0,1495.0,3,31.0,8.3e-05,0.7,0.004988,0.01,0.0
478,1.0,krajbich2010,0.4035242199897766,0.5964757800102234,3.0,3.0,2.0,28.0,1645.0,3,31.0,8.3e-05,0.7,0.004988,0.01,0.0
479,0.0,krajbich2010,0.4035242199897766,0.5964757800102234,3.0,3.0,2.0,29.0,2821.0,3,31.0,8.3e-05,0.7,0.004988,0.01,0.0
480,0.0,krajbich2010,0.4035242199897766,0.5964757800102234,3.0,3.0,2.0,30.0,1903.0,3,31.0,8.3e-05,0.7,0.004988,0.01,0.0
481,0.0,krajbich2010,0.4035242199897766,0.5964757800102234,3.0,3.0,2.0,31.0,1485.0,3,31.0,8.3e-05,0.7,0.004988,0.01,0.0
482,0.0,krajbich2010,0.4035242199897766,0.5964757800102234,3.0,3.0,2.0,32.0,2091.0,3,31.0,8.3e-05,0.7,0.004988,0.01,0.0
483,1.0,krajbich2010,0.4035242199897766,0.5964757800102234,3.0,3.0,2.0,33.0,2249.0,3,31.0,8.3e-05,0.7,0.004988,0.01,0.0
484,0.0,krajbich2010,0.4035242199897766,0.5964757800102234,3.0,3.0,2.0,34.0,2866.0,3,31.0,8.3e-05,0.7,0.004988,0.01,0.0
485,0.0,krajbich2010,0.4035242199897766,0.5964757800102234,3.0,3.0,2.0,35.0,1385.0,3,31.0,8.3e-05,0.7,0.004988,0.01,0.0
486,1.0,krajbich2010,0.4035242199897766,0.5964757800102234,3.0,3.0,2.0,36.0,1858.0,3,31.0,8.3e-05,0.7,0.004988,0.01,0.0
487,0.0,krajbich2010,0.4035242199897766,0.5964757800102234,3.0,3.0,2.0,37.0,3165.0,3,31.0,8.3e-05,0.7,0.004988,0.01,0.0
488,0.0,krajbich2010,0.4035242199897766,0.5964757800102234,3.0,3.0,2.0,38.0,2287.0,3,31.0,8.3e-05,0.7,0.004988,0.01,0.0
489,0.0,krajbich2010,0.4035242199897766,0.5964757800102234,3.0,3.0,2.0,39.0,2076.0,3,31.0,8.3e-05,0.7,0.004988,0.01,0.0
490,0.0,krajbich2010,0.4035242199897766,0.5964757800102234,3.0,3.0,2.0,40.0,1936.0,3,31.0,8.3e-05,0.7,0.004988,0.01,0.0
491,1.0,krajbich2010,0.4035242199897766,0.5964757800102234,3.0,3.0,2.0,41.0,3299.0,3,31.0,8.3e-05,0.7,0.004988,0.01,0.0
492,1.0,krajbich2010,0.4035242199897766,0.5964757800102234,3.0,3.0,2.0,42.0,2818.0,3,31.0,8.3e-05,0.7,0.004988,0.01,0.0
493,0.0,krajbich2010,0.4035242199897766,0.5964757800102234,3.0,3.0,2.0,43.0,2093.0,3,31.0,8.3e-05,0.7,0.004988,0.01,0.0
494,1.0,krajbich2010,0.4035242199897766,0.5964757800102234,3.0,3.0,2.0,44.0,1674.0,3,31.0,8.3e-05,0.7,0.004988,0.01,0.0
495,1.0,krajbich2010,0.4035242199897766,0.5964757800102234,3.0,3.0,2.0,45.0,1816.0,3,31.0,8.3e-05,0.7,0.004988,0.01,0.0
496,0.0,krajbich2010,0.4035242199897766,0.5964757800102234,3.0,3.0,2.0,46.0,1872.0,3,31.0,8.3e-05,0.7,0.004988,0.01,0.0
497,1.0,krajbich2010,0.4035242199897766,0.5964757800102234,3.0,3.0,2.0,47.0,2143.0,3,31.0,8.3e-05,0.7,0.004988,0.01,0.0
498,0.0,krajbich2010,0.4035242199897766,0.5964757800102234,3.0,3.0,2.0,48.0,2666.0,3,31.0,8.3e-05,0.7,0.004988,0.01,0.0
499,1.0,krajbich2010,0.4035242199897766,0.5964757800102234,3.0,3.0,2.0,49.0,1461.0,3,31.0,8.3e-05,0.7,0.004988,0.01,0.0
500,1.0,krajbich2010,0.0,1.0,3.0,1.0,2.0,0.0,1955.0,3,33.0,8.3e-05,0.7,0.004988,0.01,0.0
501,1.0,krajbich2010,0.0,1.0,3.0,1.0,2.0,1.0,2273.0,3,33.0,8.3e-05,0.7,0.004988,0.01,0.0
502,1.0,krajbich2010,0.0,1.0,3.0,1.0,2.0,2.0,1867.0,3,33.0,8.3e-05,0.7,0.004988,0.01,0.0
503,0.0,krajbich2010,0.0,1.0,3.0,1.0,2.0,3.0,2196.0,3,33.0,8.3e-05,0.7,0.004988,0.01,0.0
504,0.0,krajbich2010,0.0,1.0,3.0,1.0,2.0,4.0,2452.0,3,33.0,8.3e-05,0.7,0.004988,0.01,0.0
505,1.0,krajbich2010,0.0,1.0,3.0,1.0,2.0,5.0,1719.0,3,33.0,8.3e-05,0.7,0.004988,0.01,0.0
506,1.0,krajbich2010,0.0,1.0,3.0,1.0,2.0,6.0,2791.0,3,33.0,8.3e-05,0.7,0.004988,0.01,0.0
507,0.0,krajbich2010,0.0,1.0,3.0,1.0,2.0,7.0,2628.0,3,33.0,8.3e-05,0.7,0.004988,0.01,0.0
508,0.0,krajbich2010,0.0,1.0,3.0,1.0,2.0,8.0,2150.0,3,33.0,8.3e-05,0.7,0.004988,0.01,0.0
509,1.0,krajbich2010,0.0,1.0,3.0,1.0,2.0,9.0,1732.0,3,33.0,8.3e-05,0.7,0.004988,0.01,0.0
510,1.0,krajbich2010,0.0,1.0,3.0,1.0,2.0,10.0,3729.0,3,33.0,8.3e-05,0.7,0.004988,0.01,0.0
511,0.0,krajbich2010,0.0,1.0,3.0,1.0,2.0,11.0,2009.0,3,33.0,8.3e-05,0.7,0.004988,0.01,0.0
512,0.0,krajbich2010,0.0,1.0,3.0,1.0,2.0,12.0,3596.0,3,33.0,8.3e-05,0.7,0.004988,0.01,0.0
513,0.0,krajbich2010,0.0,1.0,3.0,1.0,2.0,13.0,1769.0,3,33.0,8.3e-05,0.7,0.004988,0.01,0.0
514,1.0,krajbich2010,0.0,1.0,3.0,1.0,2.0,14.0,2147.0,3,33.0,8.3e-05,0.7,0.004988,0.01,0.0
515,0.0,krajbich2010,0.0,1.0,3.0,1.0,2.0,15.0,1701.0,3,33.0,8.3e-05,0.7,0.004988,0.01,0.0
516,1.0,krajbich2010,0.0,1.0,3.0,1.0,2.0,16.0,1845.0,3,33.0,8.3e-05,0.7,0.004988,0.01,0.0
517,1.0,krajbich2010,0.0,1.0,3.0,1.0,2.0,17.0,2545.0,3,33.0,8.3e-05,0.7,0.004988,0.01,0.0
518,1.0,krajbich2010,0.0,1.0,3.0,1.0,2.0,18.0,1412.0,3,33.0,8.3e-05,0.7,0.004988,0.01,0.0
519,0.0,krajbich2010,0.0,1.0,3.0,1.0,2.0,19.0,2731.0,3,33.0,8.3e-05,0.7,0.004988,0.01,0.0
520,0.0,krajbich2010,0.0,1.0,3.0,1.0,2.0,20.0,1779.0,3,33.0,8.3e-05,0.7,0.004988,0.01,0.0
521,0.0,krajbich2010,0.0,1.0,3.0,1.0,2.0,21.0,3699.0,3,33.0,8.3e-05,0.7,0.004988,0.01,0.0
522,0.0,krajbich2010,0.0,1.0,3.0,1.0,2.0,22.0,2193.0,3,33.0,8.3e-05,0.7,0.004988,0.01,0.0
523,1.0,krajbich2010,0.0,1.0,3.0,1.0,2.0,23.0,2396.0,3,33.0,8.3e-05,0.7,0.004988,0.01,0.0
524,0.0,krajbich2010,0.0,1.0,3.0,1.0,2.0,24.0,2552.0,3,33.0,8.3e-05,0.7,0.004988,0.01,0.0
525,0.0,krajbich2010,0.0,1.0,3.0,1.0,2.0,25.0,2554.0,3,33.0,8.3e-05,0.7,0.004988,0.01,0.0
526,0.0,krajbich2010,0.0,1.0,3.0,1.0,2.0,26.0,1433.0,3,33.0,8.3e-05,0.7,0.004988,0.01,0.0
527,1.0,krajbich2010,0.0,1.0,3.0,1.0,2.0,27.0,1432.0,3,33.0,8.3e-05,0.7,0.004988,0.01,0.0
528,0.0,krajbich2010,0.0,1.0,3.0,1.0,2.0,28.0,1661.0,3,33.0,8.3e-05,0.7,0.004988,0.01,0.0
529,0.0,krajbich2010,0.0,1.0,3.0,1.0,2.0,29.0,1852.0,3,33.0,8.3e-05,0.7,0.004988,0.01,0.0
530,1.0,krajbich2010,0.0,1.0,3.0,1.0,2.0,30.0,2714.0,3,33.0,8.3e-05,0.7,0.004988,0.01,0.0
531,1.0,krajbich2010,0.0,1.0,3.0,1.0,2.0,31.0,2047.0,3,33.0,8.3e-05,0.7,0.004988,0.01,0.0
532,1.0,krajbich2010,0.0,1.0,3.0,1.0,2.0,32.0,1708.0,3,33.0,8.3e-05,0.7,0.004988,0.01,0.0
533,0.0,krajbich2010,0.0,1.0,3.0,1.0,2.0,33.0,1755.0,3,33.0,8.3e-05,0.7,0.004988,0.01,0.0
534,1.0,krajbich2010,0.0,1.0,3.0,1.0,2.0,34.0,2726.0,3,33.0,8.3e-05,0.7,0.004988,0.01,0.0
535,1.0,krajbich2010,0.0,1.0,3.0,1.0,2.0,35.0,1627.0,3,33.0,8.3e-05,0.7,0.004988,0.01,0.0
536,1.0,krajbich2010,0.0,1.0,3.0,1.0,2.0,36.0,2156.0,3,33.0,8.3e-05,0.7,0.004988,0.01,0.0
537,0.0,krajbich2010,0.0,1.0,3.0,1.0,2.0,37.0,3369.0,3,33.0,8.3e-05,0.7,0.004988,0.01,0.0
538,0.0,krajbich2010,0.0,1.0,3.0,1.0,2.0,38.0,1996.0,3,33.0,8.3e-05,0.7,0.004988,0.01,0.0
539,0.0,krajbich2010,0.0,1.0,3.0,1.0,2.0,39.0,1815.0,3,33.0,8.3e-05,0.7,0.004988,0.01,0.0
540,0.0,krajbich2010,0.0,1.0,3.0,1.0,2.0,40.0,1539.0,3,33.0,8.3e-05,0.7,0.004988,0.01,0.0
541,1.0,krajbich2010,0.0,1.0,3.0,1.0,2.0,41.0,1772.0,3,33.0,8.3e-05,0.7,0.004988,0.01,0.0
542,1.0,krajbich2010,0.0,1.0,3.0,1.0,2.0,42.0,2628.0,3,33.0,8.3e-05,0.7,0.004988,0.01,0.0
543,0.0,krajbich2010,0.0,1.0,3.0,1.0,2.0,43.0,1615.0,3,33.0,8.3e-05,0.7,0.004988,0.01,0.0
544,1.0,krajbich2010,0.0,1.0,3.0,1.0,2.0,44.0,2296.0,3,33.0,8.3e-05,0.7,0.004988,0.01,0.0
545,0.0,krajbich2010,0.0,1.0,3.0,1.0,2.0,45.0,2478.0,3,33.0,8.3e-05,0.7,0.004988,0.01,0.0
546,0.0,krajbich2010,0.0,1.0,3.0,1.0,2.0,46.0,2231.0,3,33.0,8.3e-05,0.7,0.004988,0.01,0.0
547,1.0,krajbich2010,0.0,1.0,3.0,1.0,2.0,47.0,2199.0,3,33.0,8.3e-05,0.7,0.004988,0.01,0.0
548,0.0,krajbich2010,0.0,1.0,3.0,1.0,2.0,48.0,2394.0,3,33.0,8.3e-05,0.7,0.004988,0.01,0.0
549,1.0,krajbich2010,0.0,1.0,3.0,1.0,2.0,49.0,1588.0,3,33.0,8.3e-05,0.7,0.004988,0.01,0.0
550,0.0,krajbich2010,0.04441913589835167,0.9555808901786804,1.0,4.0,2.0,0.0,2266.0,3,35.0,8.3e-05,0.7,0.004988,0.01,0.0
551,1.0,krajbich2010,0.04441913589835167,0.9555808901786804,1.0,4.0,2.0,1.0,1670.0,3,35.0,8.3e-05,0.7,0.004988,0.01,0.0
552,1.0,krajbich2010,0.04441913589835167,0.9555808901786804,1.0,4.0,2.0,2.0,1570.0,3,35.0,8.3e-05,0.7,0.004988,0.01,0.0
553,1.0,krajbich2010,0.04441913589835167,0.9555808901786804,1.0,4.0,2.0,3.0,1958.0,3,35.0,8.3e-05,0.7,0.004988,0.01,0.0
554,1.0,krajbich2010,0.04441913589835167,0.9555808901786804,1.0,4.0,2.0,4.0,1738.0,3,35.0,8.3e-05,0.7,0.004988,0.01,0.0
555,1.0,krajbich2010,0.04441913589835167,0.9555808901786804,1.0,4.0,2.0,5.0,2167.0,3,35.0,8.3e-05,0.7,0.004988,0.01,0.0
556,1.0,krajbich2010,0.04441913589835167,0.9555808901786804,1.0,4.0,2.0,6.0,1822.0,3,35.0,8.3e-05,0.7,0.004988,0.01,0.0
557,1.0,krajbich2010,0.04441913589835167,0.9555808901786804,1.0,4.0,2.0,7.0,1553.0,3,35.0,8.3e-05,0.7,0.004988,0.01,0.0
558,0.0,krajbich2010,0.04441913589835167,0.9555808901786804,1.0,4.0,2.0,8.0,1757.0,3,35.0,8.3e-05,0.7,0.004988,0.01,0.0
559,1.0,krajbich2010,0.04441913589835167,0.9555808901786804,1.0,4.0,2.0,9.0,2049.0,3,35.0,8.3e-05,0.7,0.004988,0.01,0.0
560,0.0,krajbich2010,0.04441913589835167,0.9555808901786804,1.0,4.0,2.0,10.0,1985.0,3,35.0,8.3e-05,0.7,0.004988,0.01,0.0
561,1.0,krajbich2010,0.04441913589835167,0.9555808901786804,1.0,4.0,2.0,11.0,1520.0,3,35.0,8.3e-05,0.7,0.004988,0.01,0.0
562,1.0,krajbich2010,0.04441913589835167,0.9555808901786804,1.0,4.0,2.0,12.0,2134.0,3,35.0,8.3e-05,0.7,0.004988,0.01,0.0
563,0.0,krajbich2010,0.04441913589835167,0.9555808901786804,1.0,4.0,2.0,13.0,1556.0,3,35.0,8.3e-05,0.7,0.004988,0.01,0.0
564,1.0,krajbich2010,0.04441913589835167,0.9555808901786804,1.0,4.0,2.0,14.0,2327.0,3,35.0,8.3e-05,0.7,0.004988,0.01,0.0
565,1.0,krajbich2010,0.04441913589835167,0.9555808901786804,1.0,4.0,2.0,15.0,2173.0,3,35.0,8.3e-05,0.7,0.004988,0.01,0.0
566,0.0,krajbich2010,0.04441913589835167,0.9555808901786804,1.0,4.0,2.0,16.0,2566.0,3,35.0,8.3e-05,0.7,0.004988,0.01,0.0
567,0.0,krajbich2010,0.04441913589835167,0.9555808901786804,1.0,4.0,2.0,17.0,2276.0,3,35.0,8.3e-05,0.7,0.004988,0.01,0.0
568,0.0,krajbich2010,0.04441913589835167,0.9555808901786804,1.0,4.0,2.0,18.0,1779.0,3,35.0,8.3e-05,0.7,0.004988,0.01,0.0
569,1.0,krajbich2010,0.04441913589835167,0.9555808901786804,1.0,4.0,2.0,19.0,2254.0,3,35.0,8.3e-05,0.7,0.004988,0.01,0.0
570,1.0,krajbich2010,0.04441913589835167,0.9555808901786804,1.0,4.0,2.0,20.0,2134.0,3,35.0,8.3e-05,0.7,0.004988,0.01,0.0
571,0.0,krajbich2010,0.04441913589835167,0.9555808901786804,1.0,4.0,2.0,21.0,1921.0,3,35.0,8.3e-05,0.7,0.004988,0.01,0.0
572,1.0,krajbich2010,0.04441913589835167,0.9555808901786804,1.0,4.0,2.0,22.0,1271.0,3,35.0,8.3e-05,0.7,0.004988,0.01,0.0
573,1.0,krajbich2010,0.04441913589835167,0.9555808901786804,1.0,4.0,2.0,23.0,1554.0,3,35.0,8.3e-05,0.7,0.004988,0.01,0.0
574,1.0,krajbich2010,0.04441913589835167,0.9555808901786804,1.0,4.0,2.0,24.0,2307.0,3,35.0,8.3e-05,0.7,0.004988,0.01,0.0
575,1.0,krajbich2010,0.04441913589835167,0.9555808901786804,1.0,4.0,2.0,25.0,1826.0,3,35.0,8.3e-05,0.7,0.004988,0.01,0.0
576,0.0,krajbich2010,0.04441913589835167,0.9555808901786804,1.0,4.0,2.0,26.0,2045.0,3,35.0,8.3e-05,0.7,0.004988,0.01,0.0
577,0.0,krajbich2010,0.04441913589835167,0.9555808901786804,1.0,4.0,2.0,27.0,1464.0,3,35.0,8.3e-05,0.7,0.004988,0.01,0.0
578,0.0,krajbich2010,0.04441913589835167,0.9555808901786804,1.0,4.0,2.0,28.0,2125.0,3,35.0,8.3e-05,0.7,0.004988,0.01,0.0
579,1.0,krajbich2010,0.04441913589835167,0.9555808901786804,1.0,4.0,2.0,29.0,1907.0,3,35.0,8.3e-05,0.7,0.004988,0.01,0.0
580,0.0,krajbich2010,0.04441913589835167,0.9555808901786804,1.0,4.0,2.0,30.0,1581.0,3,35.0,8.3e-05,0.7,0.004988,0.01,0.0
581,0.0,krajbich2010,0.04441913589835167,0.9555808901786804,1.0,4.0,2.0,31.0,1934.0,3,35.0,8.3e-05,0.7,0.004988,0.01,0.0
582,1.0,krajbich2010,0.04441913589835167,0.9555808901786804,1.0,4.0,2.0,32.0,1775.0,3,35.0,8.3e-05,0.7,0.004988,0.01,0.0
583,0.0,krajbich2010,0.04441913589835167,0.9555808901786804,1.0,4.0,2.0,33.0,1793.0,3,35.0,8.3e-05,0.7,0.004988,0.01,0.0
584,1.0,krajbich2010,0.04441913589835167,0.9555808901786804,1.0,4.0,2.0,34.0,1519.0,3,35.0,8.3e-05,0.7,0.004988,0.01,0.0
585,0.0,krajbich2010,0.04441913589835167,0.9555808901786804,1.0,4.0,2.0,35.0,1980.0,3,35.0,8.3e-05,0.7,0.004988,0.01,0.0
586,1.0,krajbich2010,0.04441913589835167,0.9555808901786804,1.0,4.0,2.0,36.0,2423.0,3,35.0,8.3e-05,0.7,0.004988,0.01,0.0
587,1.0,krajbich2010,0.04441913589835167,0.9555808901786804,1.0,4.0,2.0,37.0,2329.0,3,35.0,8.3e-05,0.7,0.004988,0.01,0.0
588,0.0,krajbich2010,0.04441913589835167,0.9555808901786804,1.0,4.0,2.0,38.0,2103.0,3,35.0,8.3e-05,0.7,0.004988,0.01,0.0
589,1.0,krajbich2010,0.04441913589835167,0.9555808901786804,1.0,4.0,2.0,39.0,1765.0,3,35.0,8.3e-05,0.7,0.004988,0.01,0.0
590,0.0,krajbich2010,0.04441913589835167,0.9555808901786804,1.0,4.0,2.0,40.0,2337.0,3,35.0,8.3e-05,0.7,0.004988,0.01,0.0
591,1.0,krajbich2010,0.04441913589835167,0.9555808901786804,1.0,4.0,2.0,41.0,1849.0,3,35.0,8.3e-05,0.7,0.004988,0.01,0.0
592,1.0,krajbich2010,0.04441913589835167,0.9555808901786804,1.0,4.0,2.0,42.0,1674.0,3,35.0,8.3e-05,0.7,0.004988,0.01,0.0
593,1.0,krajbich2010,0.04441913589835167,0.9555808901786804,1.0,4.0,2.0,43.0,2060.0,3,35.0,8.3e-05,0.7,0.004988,0.01,0.0
594,1.0,krajbich2010,0.04441913589835167,0.9555808901786804,1.0,4.0,2.0,44.0,2616.0,3,35.0,8.3e-05,0.7,0.004988,0.01,0.0
595,1.0,krajbich2010,0.04441913589835167,0.9555808901786804,1.0,4.0,2.0,45.0,2233.0,3,35.0,8.3e-05,0.7,0.004988,0.01,0.0
596,0.0,krajbich2010,0.04441913589835167,0.9555808901786804,1.0,4.0,2.0,46.0,2230.0,3,35.0,8.3e-05,0.7,0.004988,0.01,0.0
597,0.0,krajbich2010,0.04441913589835167,0.9555808901786804,1.0,4.0,2.0,47.0,2273.0,3,35.0,8.3e-05,0.7,0.004988,0.01,0.0
598,1.0,krajbich2010,0.04441913589835167,0.9555808901786804,1.0,4.0,2.0,48.0,1686.0,3,35.0,8.3e-05,0.7,0.004988,0.01,0.0
599,1.0,krajbich2010,0.04441913589835167,0.9555808901786804,1.0,4.0,2.0,49.0,1872.0,3,35.0,8.3e-05,0.7,0.004988,0.01,0.0
600,1.0,krajbich2010,0.2444987744092941,0.7555012106895447,2.0,1.0,2.0,0.0,2093.0,3,37.0,8.3e-05,0.7,0.004988,0.01,0.0
601,0.0,krajbich2010,0.2444987744092941,0.7555012106895447,2.0,1.0,2.0,1.0,2120.0,3,37.0,8.3e-05,0.7,0.004988,0.01,0.0
602,1.0,krajbich2010,0.2444987744092941,0.7555012106895447,2.0,1.0,2.0,2.0,1354.0,3,37.0,8.3e-05,0.7,0.004988,0.01,0.0
603,1.0,krajbich2010,0.2444987744092941,0.7555012106895447,2.0,1.0,2.0,3.0,1899.0,3,37.0,8.3e-05,0.7,0.004988,0.01,0.0
604,0.0,krajbich2010,0.2444987744092941,0.7555012106895447,2.0,1.0,2.0,4.0,1624.0,3,37.0,8.3e-05,0.7,0.004988,0.01,0.0
605,0.0,krajbich2010,0.2444987744092941,0.7555012106895447,2.0,1.0,2.0,5.0,1795.0,3,37.0,8.3e-05,0.7,0.004988,0.01,0.0
606,0.0,krajbich2010,0.2444987744092941,0.7555012106895447,2.0,1.0,2.0,6.0,2150.0,3,37.0,8.3e-05,0.7,0.004988,0.01,0.0
607,0.0,krajbich2010,0.2444987744092941,0.7555012106895447,2.0,1.0,2.0,7.0,2005.0,3,37.0,8.3e-05,0.7,0.004988,0.01,0.0
608,1.0,krajbich2010,0.2444987744092941,0.7555012106895447,2.0,1.0,2.0,8.0,2072.0,3,37.0,8.3e-05,0.7,0.004988,0.01,0.0
609,1.0,krajbich2010,0.2444987744092941,0.7555012106895447,2.0,1.0,2.0,9.0,2571.0,3,37.0,8.3e-05,0.7,0.004988,0.01,0.0
610,1.0,krajbich2010,0.2444987744092941,0.7555012106895447,2.0,1.0,2.0,10.0,1612.0,3,37.0,8.3e-05,0.7,0.004988,0.01,0.0
611,0.0,krajbich2010,0.2444987744092941,0.7555012106895447,2.0,1.0,2.0,11.0,2288.0,3,37.0,8.3e-05,0.7,0.004988,0.01,0.0
612,0.0,krajbich2010,0.2444987744092941,0.7555012106895447,2.0,1.0,2.0,12.0,2097.0,3,37.0,8.3e-05,0.7,0.004988,0.01,0.0
613,0.0,krajbich2010,0.2444987744092941,0.7555012106895447,2.0,1.0,2.0,13.0,1646.0,3,37.0,8.3e-05,0.7,0.004988,0.01,0.0
614,1.0,krajbich2010,0.2444987744092941,0.7555012106895447,2.0,1.0,2.0,14.0,2024.0,3,37.0,8.3e-05,0.7,0.004988,0.01,0.0
615,0.0,krajbich2010,0.2444987744092941,0.7555012106895447,2.0,1.0,2.0,15.0,1723.0,3,37.0,8.3e-05,0.7,0.004988,0.01,0.0
616,1.0,krajbich2010,0.2444987744092941,0.7555012106895447,2.0,1.0,2.0,16.0,1765.0,3,37.0,8.3e-05,0.7,0.004988,0.01,0.0
617,0.0,krajbich2010,0.2444987744092941,0.7555012106895447,2.0,1.0,2.0,17.0,1719.0,3,37.0,8.3e-05,0.7,0.004988,0.01,0.0
618,1.0,krajbich2010,0.2444987744092941,0.7555012106895447,2.0,1.0,2.0,18.0,2491.0,3,37.0,8.3e-05,0.7,0.004988,0.01,0.0
619,0.0,krajbich2010,0.2444987744092941,0.7555012106895447,2.0,1.0,2.0,19.0,2967.0,3,37.0,8.3e-05,0.7,0.004988,0.01,0.0
620,0.0,krajbich2010,0.2444987744092941,0.7555012106895447,2.0,1.0,2.0,20.0,2172.0,3,37.0,8.3e-05,0.7,0.004988,0.01,0.0
621,0.0,krajbich2010,0.2444987744092941,0.7555012106895447,2.0,1.0,2.0,21.0,2514.0,3,37.0,8.3e-05,0.7,0.004988,0.01,0.0
622,0.0,krajbich2010,0.2444987744092941,0.7555012106895447,2.0,1.0,2.0,22.0,2259.0,3,37.0,8.3e-05,0.7,0.004988,0.01,0.0
623,0.0,krajbich2010,0.2444987744092941,0.7555012106895447,2.0,1.0,2.0,23.0,2704.0,3,37.0,8.3e-05,0.7,0.004988,0.01,0.0
624,1.0,krajbich2010,0.2444987744092941,0.7555012106895447,2.0,1.0,2.0,24.0,1966.0,3,37.0,8.3e-05,0.7,0.004988,0.01,0.0
625,0.0,krajbich2010,0.2444987744092941,0.7555012106895447,2.0,1.0,2.0,25.0,2314.0,3,37.0,8.3e-05,0.7,0.004988,0.01,0.0
626,1.0,krajbich2010,0.2444987744092941,0.7555012106895447,2.0,1.0,2.0,26.0,1849.0,3,37.0,8.3e-05,0.7,0.004988,0.01,0.0
627,0.0,krajbich2010,0.2444987744092941,0.7555012106895447,2.0,1.0,2.0,27.0,2326.0,3,37.0,8.3e-05,0.7,0.004988,0.01,0.0
628,1.0,krajbich2010,0.2444987744092941,0.7555012106895447,2.0,1.0,2.0,28.0,2308.0,3,37.0,8.3e-05,0.7,0.004988,0.01,0.0
629,0.0,krajbich2010,0.2444987744092941,0.7555012106895447,2.0,1.0,2.0,29.0,2430.0,3,37.0,8.3e-05,0.7,0.004988,0.01,0.0
630,1.0,krajbich2010,0.2444987744092941,0.7555012106895447,2.0,1.0,2.0,30.0,1317.0,3,37.0,8.3e-05,0.7,0.004988,0.01,0.0
631,1.0,krajbich2010,0.2444987744092941,0.7555012106895447,2.0,1.0,2.0,31.0,1620.0,3,37.0,8.3e-05,0.7,0.004988,0.01,0.0
632,1.0,krajbich2010,0.2444987744092941,0.7555012106895447,2.0,1.0,2.0,32.0,2198.0,3,37.0,8.3e-05,0.7,0.004988,0.01,0.0
633,1.0,krajbich2010,0.2444987744092941,0.7555012106895447,2.0,1.0,2.0,33.0,1355.0,3,37.0,8.3e-05,0.7,0.004988,0.01,0.0
634,0.0,krajbich2010,0.2444987744092941,0.7555012106895447,2.0,1.0,2.0,34.0,1599.0,3,37.0,8.3e-05,0.7,0.004988,0.01,0.0
635,0.0,krajbich2010,0.2444987744092941,0.7555012106895447,2.0,1.0,2.0,35.0,2269.0,3,37.0,8.3e-05,0.7,0.004988,0.01,0.0
636,0.0,krajbich2010,0.2444987744092941,0.7555012106895447,2.0,1.0,2.0,36.0,2237.0,3,37.0,8.3e-05,0.7,0.004988,0.01,0.0
637,1.0,krajbich2010,0.2444987744092941,0.7555012106895447,2.0,1.0,2.0,37.0,2615.0,3,37.0,8.3e-05,0.7,0.004988,0.01,0.0
638,1.0,krajbich2010,0.2444987744092941,0.7555012106895447,2.0,1.0,2.0,38.0,2140.0,3,37.0,8.3e-05,0.7,0.004988,0.01,0.0
639,0.0,krajbich2010,0.2444987744092941,0.7555012106895447,2.0,1.0,2.0,39.0,2761.0,3,37.0,8.3e-05,0.7,0.004988,0.01,0.0
640,1.0,krajbich2010,0.2444987744092941,0.7555012106895447,2.0,1.0,2.0,40.0,1183.0,3,37.0,8.3e-05,0.7,0.004988,0.01,0.0
641,0.0,krajbich2010,0.2444987744092941,0.7555012106895447,2.0,1.0,2.0,41.0,3165.0,3,37.0,8.3e-05,0.7,0.004988,0.01,0.0
642,1.0,krajbich2010,0.2444987744092941,0.7555012106895447,2.0,1.0,2.0,42.0,1643.0,3,37.0,8.3e-05,0.7,0.004988,0.01,0.0
643,1.0,krajbich2010,0.2444987744092941,0.7555012106895447,2.0,1.0,2.0,43.0,2335.0,3,37.0,8.3e-05,0.7,0.004988,0.01,0.0
644,1.0,krajbich2010,0.2444987744092941,0.7555012106895447,2.0,1.0,2.0,44.0,1898.0,3,37.0,8.3e-05,0.7,0.004988,0.01,0.0
645,1.0,krajbich2010,0.2444987744092941,0.7555012106895447,2.0,1.0,2.0,45.0,2340.0,3,37.0,8.3e-05,0.7,0.004988,0.01,0.0
646,0.0,krajbich2010,0.2444987744092941,0.7555012106895447,2.0,1.0,2.0,46.0,1986.0,3,37.0,8.3e-05,0.7,0.004988,0.01,0.0
647,0.0,krajbich2010,0.2444987744092941,0.7555012106895447,2.0,1.0,2.0,47.0,1979.0,3,37.0,8.3e-05,0.7,0.004988,0.01,0.0
648,0.0,krajbich2010,0.2444987744092941,0.7555012106895447,2.0,1.0,2.0,48.0,2325.0,3,37.0,8.3e-05,0.7,0.004988,0.01,0.0
649,1.0,krajbich2010,0.2444987744092941,0.7555012106895447,2.0,1.0,2.0,49.0,1647.0,3,37.0,8.3e-05,0.7,0.004988,0.01,0.0
650,0.0,krajbich2010,1.0,0.0,5.0,0.0,2.0,0.0,2566.0,3,41.0,8.3e-05,0.7,0.004988,0.01,0.0
651,1.0,krajbich2010,1.0,0.0,5.0,0.0,2.0,1.0,2942.0,3,41.0,8.3e-05,0.7,0.004988,0.01,0.0
652,0.0,krajbich2010,1.0,0.0,5.0,0.0,2.0,2.0,1614.0,3,41.0,8.3e-05,0.7,0.004988,0.01,0.0
653,0.0,krajbich2010,1.0,0.0,5.0,0.0,2.0,3.0,1605.0,3,41.0,8.3e-05,0.7,0.004988,0.01,0.0
654,0.0,krajbich2010,1.0,0.0,5.0,0.0,2.0,4.0,1651.0,3,41.0,8.3e-05,0.7,0.004988,0.01,0.0
655,1.0,krajbich2010,1.0,0.0,5.0,0.0,2.0,5.0,2274.0,3,41.0,8.3e-05,0.7,0.004988,0.01,0.0
656,0.0,krajbich2010,1.0,0.0,5.0,0.0,2.0,6.0,1283.0,3,41.0,8.3e-05,0.7,0.004988,0.01,0.0
657,1.0,krajbich2010,1.0,0.0,5.0,0.0,2.0,7.0,1660.0,3,41.0,8.3e-05,0.7,0.004988,0.01,0.0
658,0.0,krajbich2010,1.0,0.0,5.0,0.0,2.0,8.0,1593.0,3,41.0,8.3e-05,0.7,0.004988,0.01,0.0
659,0.0,krajbich2010,1.0,0.0,5.0,0.0,2.0,9.0,2909.0,3,41.0,8.3e-05,0.7,0.004988,0.01,0.0
660,1.0,krajbich2010,1.0,0.0,5.0,0.0,2.0,10.0,2047.0,3,41.0,8.3e-05,0.7,0.004988,0.01,0.0
661,1.0,krajbich2010,1.0,0.0,5.0,0.0,2.0,11.0,2078.0,3,41.0,8.3e-05,0.7,0.004988,0.01,0.0
662,1.0,krajbich2010,1.0,0.0,5.0,0.0,2.0,12.0,1848.0,3,41.0,8.3e-05,0.7,0.004988,0.01,0.0
663,1.0,krajbich2010,1.0,0.0,5.0,0.0,2.0,13.0,2537.0,3,41.0,8.3e-05,0.7,0.004988,0.01,0.0
664,0.0,krajbich2010,1.0,0.0,5.0,0.0,2.0,14.0,2318.0,3,41.0,8.3e-05,0.7,0.004988,0.01,0.0
665,0.0,krajbich2010,1.0,0.0,5.0,0.0,2.0,15.0,2470.0,3,41.0,8.3e-05,0.7,0.004988,0.01,0.0
666,1.0,krajbich2010,1.0,0.0,5.0,0.0,2.0,16.0,3054.0,3,41.0,8.3e-05,0.7,0.004988,0.01,0.0
667,1.0,krajbich2010,1.0,0.0,5.0,0.0,2.0,17.0,1577.0,3,41.0,8.3e-05,0.7,0.004988,0.01,0.0
668,0.0,krajbich2010,1.0,0.0,5.0,0.0,2.0,18.0,1967.0,3,41.0,8.3e-05,0.7,0.004988,0.01,0.0
669,1.0,krajbich2010,1.0,0.0,5.0,0.0,2.0,19.0,1931.0,3,41.0,8.3e-05,0.7,0.004988,0.01,0.0
670,0.0,krajbich2010,1.0,0.0,5.0,0.0,2.0,20.0,1828.0,3,41.0,8.3e-05,0.7,0.004988,0.01,0.0
671,1.0,krajbich2010,1.0,0.0,5.0,0.0,2.0,21.0,2098.0,3,41.0,8.3e-05,0.7,0.004988,0.01,0.0
672,0.0,krajbich2010,1.0,0.0,5.0,0.0,2.0,22.0,2577.0,3,41.0,8.3e-05,0.7,0.004988,0.01,0.0
673,1.0,krajbich2010,1.0,0.0,5.0,0.0,2.0,23.0,2157.0,3,41.0,8.3e-05,0.7,0.004988,0.01,0.0
674,1.0,krajbich2010,1.0,0.0,5.0,0.0,2.0,24.0,1395.0,3,41.0,8.3e-05,0.7,0.004988,0.01,0.0
675,0.0,krajbich2010,1.0,0.0,5.0,0.0,2.0,25.0,1294.0,3,41.0,8.3e-05,0.7,0.004988,0.01,0.0
676,0.0,krajbich2010,1.0,0.0,5.0,0.0,2.0,26.0,1797.0,3,41.0,8.3e-05,0.7,0.004988,0.01,0.0
677,1.0,krajbich2010,1.0,0.0,5.0,0.0,2.0,27.0,2406.0,3,41.0,8.3e-05,0.7,0.004988,0.01,0.0
678,0.0,krajbich2010,1.0,0.0,5.0,0.0,2.0,28.0,2230.0,3,41.0,8.3e-05,0.7,0.004988,0.01,0.0
679,1.0,krajbich2010,1.0,0.0,5.0,0.0,2.0,29.0,2041.0,3,41.0,8.3e-05,0.7,0.004988,0.01,0.0
680,0.0,krajbich2010,1.0,0.0,5.0,0.0,2.0,30.0,1135.0,3,41.0,8.3e-05,0.7,0.004988,0.01,0.0
681,0.0,krajbich2010,1.0,0.0,5.0,0.0,2.0,31.0,2481.0,3,41.0,8.3e-05,0.7,0.004988,0.01,0.0
682,0.0,krajbich2010,1.0,0.0,5.0,0.0,2.0,32.0,1668.0,3,41.0,8.3e-05,0.7,0.004988,0.01,0.0
683,0.0,krajbich2010,1.0,0.0,5.0,0.0,2.0,33.0,1323.0,3,41.0,8.3e-05,0.7,0.004988,0.01,0.0
684,0.0,krajbich2010,1.0,0.0,5.0,0.0,2.0,34.0,2192.0,3,41.0,8.3e-05,0.7,0.004988,0.01,0.0
685,1.0,krajbich2010,1.0,0.0,5.0,0.0,2.0,35.0,1416.0,3,41.0,8.3e-05,0.7,0.004988,0.01,0.0
686,0.0,krajbich2010,1.0,0.0,5.0,0.0,2.0,36.0,2786.0,3,41.0,8.3e-05,0.7,0.004988,0.01,0.0
687,0.0,krajbich2010,1.0,0.0,5.0,0.0,2.0,37.0,1843.0,3,41.0,8.3e-05,0.7,0.004988,0.01,0.0
688,1.0,krajbich2010,1.0,0.0,5.0,0.0,2.0,38.0,1862.0,3,41.0,8.3e-05,0.7,0.004988,0.01,0.0
689,0.0,krajbich2010,1.0,0.0,5.0,0.0,2.0,39.0,2412.0,3,41.0,8.3e-05,0.7,0.004988,0.01,0.0
690,0.0,krajbich2010,1.0,0.0,5.0,0.0,2.0,40.0,2638.0,3,41.0,8.3e-05,0.7,0.004988,0.01,0.0
691,0.0,krajbich2010,1.0,0.0,5.0,0.0,2.0,41.0,2254.0,3,41.0,8.3e-05,0.7,0.004988,0.01,0.0
692,1.0,krajbich2010,1.0,0.0,5.0,0.0,2.0,42.0,2385.0,3,41.0,8.3e-05,0.7,0.004988,0.01,0.0
693,1.0,krajbich2010,1.0,0.0,5.0,0.0,2.0,43.0,2325.0,3,41.0,8.3e-05,0.7,0.004988,0.01,0.0
694,0.0,krajbich2010,1.0,0.0,5.0,0.0,2.0,44.0,1313.0,3,41.0,8.3e-05,0.7,0.004988,0.01,0.0
695,1.0,krajbich2010,1.0,0.0,5.0,0.0,2.0,45.0,1761.0,3,41.0,8.3e-05,0.7,0.004988,0.01,0.0
696,0.0,krajbich2010,1.0,0.0,5.0,0.0,2.0,46.0,1647.0,3,41.0,8.3e-05,0.7,0.004988,0.01,0.0
697,1.0,krajbich2010,1.0,0.0,5.0,0.0,2.0,47.0,1665.0,3,41.0,8.3e-05,0.7,0.004988,0.01,0.0
698,1.0,krajbich2010,1.0,0.0,5.0,0.0,2.0,48.0,1807.0,3,41.0,8.3e-05,0.7,0.004988,0.01,0.0
699,1.0,krajbich2010,1.0,0.0,5.0,0.0,2.0,49.0,1687.0,3,41.0,8.3e-05,0.7,0.004988,0.01,0.0
700,0.0,krajbich2010,0.17444933950901031,0.8255506753921509,0.0,0.0,2.0,0.0,1606.0,3,45.0,8.3e-05,0.7,0.004988,0.01,0.0
701,0.0,krajbich2010,0.17444933950901031,0.8255506753921509,0.0,0.0,2.0,1.0,2472.0,3,45.0,8.3e-05,0.7,0.004988,0.01,0.0
702,1.0,krajbich2010,0.17444933950901031,0.8255506753921509,0.0,0.0,2.0,2.0,1826.0,3,45.0,8.3e-05,0.7,0.004988,0.01,0.0
703,0.0,krajbich2010,0.17444933950901031,0.8255506753921509,0.0,0.0,2.0,3.0,2206.0,3,45.0,8.3e-05,0.7,0.004988,0.01,0.0
704,1.0,krajbich2010,0.17444933950901031,0.8255506753921509,0.0,0.0,2.0,4.0,2309.0,3,45.0,8.3e-05,0.7,0.004988,0.01,0.0
705,1.0,krajbich2010,0.17444933950901031,0.8255506753921509,0.0,0.0,2.0,5.0,1983.0,3,45.0,8.3e-05,0.7,0.004988,0.01,0.0
706,0.0,krajbich2010,0.17444933950901031,0.8255506753921509,0.0,0.0,2.0,6.0,2007.0,3,45.0,8.3e-05,0.7,0.004988,0.01,0.0
707,0.0,krajbich2010,0.17444933950901031,0.8255506753921509,0.0,0.0,2.0,7.0,2011.0,3,45.0,8.3e-05,0.7,0.004988,0.01,0.0
708,0.0,krajbich2010,0.17444933950901031,0.8255506753921509,0.0,0.0,2.0,8.0,1977.0,3,45.0,8.3e-05,0.7,0.004988,0.01,0.0
709,0.0,krajbich2010,0.17444933950901031,0.8255506753921509,0.0,0.0,2.0,9.0,2352.0,3,45.0,8.3e-05,0.7,0.004988,0.01,0.0
710,0.0,krajbich2010,0.17444933950901031,0.8255506753921509,0.0,0.0,2.0,10.0,1642.0,3,45.0,8.3e-05,0.7,0.004988,0.01,0.0
711,1.0,krajbich2010,0.17444933950901031,0.8255506753921509,0.0,0.0,2.0,11.0,2425.0,3,45.0,8.3e-05,0.7,0.004988,0.01,0.0
712,0.0,krajbich2010,0.17444933950901031,0.8255506753921509,0.0,0.0,2.0,12.0,1373.0,3,45.0,8.3e-05,0.7,0.004988,0.01,0.0
713,1.0,krajbich2010,0.17444933950901031,0.8255506753921509,0.0,0.0,2.0,13.0,1381.0,3,45.0,8.3e-05,0.7,0.004988,0.01,0.0
714,0.0,krajbich2010,0.17444933950901031,0.8255506753921509,0.0,0.0,2.0,14.0,2203.0,3,45.0,8.3e-05,0.7,0.004988,0.01,0.0
715,1.0,krajbich2010,0.17444933950901031,0.8255506753921509,0.0,0.0,2.0,15.0,1580.0,3,45.0,8.3e-05,0.7,0.004988,0.01,0.0
716,1.0,krajbich2010,0.17444933950901031,0.8255506753921509,0.0,0.0,2.0,16.0,1906.0,3,45.0,8.3e-05,0.7,0.004988,0.01,0.0
717,1.0,krajbich2010,0.17444933950901031,0.8255506753921509,0.0,0.0,2.0,17.0,1671.0,3,45.0,8.3e-05,0.7,0.004988,0.01,0.0
718,0.0,krajbich2010,0.17444933950901031,0.8255506753921509,0.0,0.0,2.0,18.0,2239.0,3,45.0,8.3e-05,0.7,0.004988,0.01,0.0
719,1.0,krajbich2010,0.17444933950901031,0.8255506753921509,0.0,0.0,2.0,19.0,1734.0,3,45.0,8.3e-05,0.7,0.004988,0.01,0.0
720,0.0,krajbich2010,0.17444933950901031,0.8255506753921509,0.0,0.0,2.0,20.0,2002.0,3,45.0,8.3e-05,0.7,0.004988,0.01,0.0
721,1.0,krajbich2010,0.17444933950901031,0.8255506753921509,0.0,0.0,2.0,21.0,3258.0,3,45.0,8.3e-05,0.7,0.004988,0.01,0.0
722,0.0,krajbich2010,0.17444933950901031,0.8255506753921509,0.0,0.0,2.0,22.0,2578.0,3,45.0,8.3e-05,0.7,0.004988,0.01,0.0
723,1.0,krajbich2010,0.17444933950901031,0.8255506753921509,0.0,0.0,2.0,23.0,1949.0,3,45.0,8.3e-05,0.7,0.004988,0.01,0.0
724,0.0,krajbich2010,0.17444933950901031,0.8255506753921509,0.0,0.0,2.0,24.0,2342.0,3,45.0,8.3e-05,0.7,0.004988,0.01,0.0
725,0.0,krajbich2010,0.17444933950901031,0.8255506753921509,0.0,0.0,2.0,25.0,1541.0,3,45.0,8.3e-05,0.7,0.004988,0.01,0.0
726,0.0,krajbich2010,0.17444933950901031,0.8255506753921509,0.0,0.0,2.0,26.0,1839.0,3,45.0,8.3e-05,0.7,0.004988,0.01,0.0
727,1.0,krajbich2010,0.17444933950901031,0.8255506753921509,0.0,0.0,2.0,27.0,1964.0,3,45.0,8.3e-05,0.7,0.004988,0.01,0.0
728,1.0,krajbich2010,0.17444933950901031,0.8255506753921509,0.0,0.0,2.0,28.0,2505.0,3,45.0,8.3e-05,0.7,0.004988,0.01,0.0
729,1.0,krajbich2010,0.17444933950901031,0.8255506753921509,0.0,0.0,2.0,29.0,2408.0,3,45.0,8.3e-05,0.7,0.004988,0.01,0.0
730,1.0,krajbich2010,0.17444933950901031,0.8255506753921509,0.0,0.0,2.0,30.0,2398.0,3,45.0,8.3e-05,0.7,0.004988,0.01,0.0
731,0.0,krajbich2010,0.17444933950901031,0.8255506753921509,0.0,0.0,2.0,31.0,2299.0,3,45.0,8.3e-05,0.7,0.004988,0.01,0.0
732,1.0,krajbich2010,0.17444933950901031,0.8255506753921509,0.0,0.0,2.0,32.0,2355.0,3,45.0,8.3e-05,0.7,0.004988,0.01,0.0
733,1.0,krajbich2010,0.17444933950901031,0.8255506753921509,0.0,0.0,2.0,33.0,2656.0,3,45.0,8.3e-05,0.7,0.004988,0.01,0.0
734,1.0,krajbich2010,0.17444933950901031,0.8255506753921509,0.0,0.0,2.0,34.0,1523.0,3,45.0,8.3e-05,0.7,0.004988,0.01,0.0
735,0.0,krajbich2010,0.17444933950901031,0.8255506753921509,0.0,0.0,2.0,35.0,2231.0,3,45.0,8.3e-05,0.7,0.004988,0.01,0.0
736,1.0,krajbich2010,0.17444933950901031,0.8255506753921509,0.0,0.0,2.0,36.0,1794.0,3,45.0,8.3e-05,0.7,0.004988,0.01,0.0
737,0.0,krajbich2010,0.17444933950901031,0.8255506753921509,0.0,0.0,2.0,37.0,1867.0,3,45.0,8.3e-05,0.7,0.004988,0.01,0.0
738,1.0,krajbich2010,0.17444933950901031,0.8255506753921509,0.0,0.0,2.0,38.0,2346.0,3,45.0,8.3e-05,0.7,0.004988,0.01,0.0
739,1.0,krajbich2010,0.17444933950901031,0.8255506753921509,0.0,0.0,2.0,39.0,3184.0,3,45.0,8.3e-05,0.7,0.004988,0.01,0.0
740,0.0,krajbich2010,0.17444933950901031,0.8255506753921509,0.0,0.0,2.0,40.0,1819.0,3,45.0,8.3e-05,0.7,0.004988,0.01,0.0
741,0.0,krajbich2010,0.17444933950901031,0.8255506753921509,0.0,0.0,2.0,41.0,2001.0,3,45.0,8.3e-05,0.7,0.004988,0.01,0.0
742,1.0,krajbich2010,0.17444933950901031,0.8255506753921509,0.0,0.0,2.0,42.0,1994.0,3,45.0,8.3e-05,0.7,0.004988,0.01,0.0
743,0.0,krajbich2010,0.17444933950901031,0.8255506753921509,0.0,0.0,2.0,43.0,2575.0,3,45.0,8.3e-05,0.7,0.004988,0.01,0.0
744,0.0,krajbich2010,0.17444933950901031,0.8255506753921509,0.0,0.0,2.0,44.0,1388.0,3,45.0,8.3e-05,0.7,0.004988,0.01,0.0
745,0.0,krajbich2010,0.17444933950901031,0.8255506753921509,0.0,0.0,2.0,45.0,2404.0,3,45.0,8.3e-05,0.7,0.004988,0.01,0.0
746,1.0,krajbich2010,0.17444933950901031,0.8255506753921509,0.0,0.0,2.0,46.0,1887.0,3,45.0,8.3e-05,0.7,0.004988,0.01,0.0
747,0.0,krajbich2010,0.17444933950901031,0.8255506753921509,0.0,0.0,2.0,47.0,2288.0,3,45.0,8.3e-05,0.7,0.004988,0.01,0.0
748,0.0,krajbich2010,0.17444933950901031,0.8255506753921509,0.0,0.0,2.0,48.0,2928.0,3,45.0,8.3e-05,0.7,0.004988,0.01,0.0
749,0.0,krajbich2010,0.17444933950901031,0.8255506753921509,0.0,0.0,2.0,49.0,2293.0,3,45.0,8.3e-05,0.7,0.004988,0.01,0.0
750,1.0,krajbich2010,0.0185528751462698,0.9814471006393432,1.0,3.0,2.0,0.0,2101.0,3,51.0,8.3e-05,0.7,0.004988,0.01,0.0
751,1.0,krajbich2010,0.0185528751462698,0.9814471006393432,1.0,3.0,2.0,1.0,2060.0,3,51.0,8.3e-05,0.7,0.004988,0.01,0.0
752,0.0,krajbich2010,0.0185528751462698,0.9814471006393432,1.0,3.0,2.0,2.0,1946.0,3,51.0,8.3e-05,0.7,0.004988,0.01,0.0
753,0.0,krajbich2010,0.0185528751462698,0.9814471006393432,1.0,3.0,2.0,3.0,1825.0,3,51.0,8.3e-05,0.7,0.004988,0.01,0.0
754,1.0,krajbich2010,0.0185528751462698,0.9814471006393432,1.0,3.0,2.0,4.0,2170.0,3,51.0,8.3e-05,0.7,0.004988,0.01,0.0
755,1.0,krajbich2010,0.0185528751462698,0.9814471006393432,1.0,3.0,2.0,5.0,2273.0,3,51.0,8.3e-05,0.7,0.004988,0.01,0.0
756,0.0,krajbich2010,0.0185528751462698,0.9814471006393432,1.0,3.0,2.0,6.0,3194.0,3,51.0,8.3e-05,0.7,0.004988,0.01,0.0
757,1.0,krajbich2010,0.0185528751462698,0.9814471006393432,1.0,3.0,2.0,7.0,1813.0,3,51.0,8.3e-05,0.7,0.004988,0.01,0.0
758,1.0,krajbich2010,0.0185528751462698,0.9814471006393432,1.0,3.0,2.0,8.0,1979.0,3,51.0,8.3e-05,0.7,0.004988,0.01,0.0
759,1.0,krajbich2010,0.0185528751462698,0.9814471006393432,1.0,3.0,2.0,9.0,2273.0,3,51.0,8.3e-05,0.7,0.004988,0.01,0.0
760,0.0,krajbich2010,0.0185528751462698,0.9814471006393432,1.0,3.0,2.0,10.0,1984.0,3,51.0,8.3e-05,0.7,0.004988,0.01,0.0
761,0.0,krajbich2010,0.0185528751462698,0.9814471006393432,1.0,3.0,2.0,11.0,1877.0,3,51.0,8.3e-05,0.7,0.004988,0.01,0.0
762,1.0,krajbich2010,0.0185528751462698,0.9814471006393432,1.0,3.0,2.0,12.0,1735.0,3,51.0,8.3e-05,0.7,0.004988,0.01,0.0
763,1.0,krajbich2010,0.0185528751462698,0.9814471006393432,1.0,3.0,2.0,13.0,2072.0,3,51.0,8.3e-05,0.7,0.004988,0.01,0.0
764,1.0,krajbich2010,0.0185528751462698,0.9814471006393432,1.0,3.0,2.0,14.0,1629.0,3,51.0,8.3e-05,0.7,0.004988,0.01,0.0
765,1.0,krajbich2010,0.0185528751462698,0.9814471006393432,1.0,3.0,2.0,15.0,1914.0,3,51.0,8.3e-05,0.7,0.004988,0.01,0.0
766,1.0,krajbich2010,0.0185528751462698,0.9814471006393432,1.0,3.0,2.0,16.0,2057.0,3,51.0,8.3e-05,0.7,0.004988,0.01,0.0
767,1.0,krajbich2010,0.0185528751462698,0.9814471006393432,1.0,3.0,2.0,17.0,2320.0,3,51.0,8.3e-05,0.7,0.004988,0.01,0.0
768,0.0,krajbich2010,0.0185528751462698,0.9814471006393432,1.0,3.0,2.0,18.0,2270.0,3,51.0,8.3e-05,0.7,0.004988,0.01,0.0
769,0.0,krajbich2010,0.0185528751462698,0.9814471006393432,1.0,3.0,2.0,19.0,2005.0,3,51.0,8.3e-05,0.7,0.004988,0.01,0.0
770,0.0,krajbich2010,0.0185528751462698,0.9814471006393432,1.0,3.0,2.0,20.0,1992.0,3,51.0,8.3e-05,0.7,0.004988,0.01,0.0
771,1.0,krajbich2010,0.0185528751462698,0.9814471006393432,1.0,3.0,2.0,21.0,2000.0,3,51.0,8.3e-05,0.7,0.004988,0.01,0.0
772,0.0,krajbich2010,0.0185528751462698,0.9814471006393432,1.0,3.0,2.0,22.0,2261.0,3,51.0,8.3e-05,0.7,0.004988,0.01,0.0
773,1.0,krajbich2010,0.0185528751462698,0.9814471006393432,1.0,3.0,2.0,23.0,1915.0,3,51.0,8.3e-05,0.7,0.004988,0.01,0.0
774,1.0,krajbich2010,0.0185528751462698,0.9814471006393432,1.0,3.0,2.0,24.0,2291.0,3,51.0,8.3e-05,0.7,0.004988,0.01,0.0
775,1.0,krajbich2010,0.0185528751462698,0.9814471006393432,1.0,3.0,2.0,25.0,2327.0,3,51.0,8.3e-05,0.7,0.004988,0.01,0.0
776,0.0,krajbich2010,0.0185528751462698,0.9814471006393432,1.0,3.0,2.0,26.0,1808.0,3,51.0,8.3e-05,0.7,0.004988,0.01,0.0
777,1.0,krajbich2010,0.0185528751462698,0.9814471006393432,1.0,3.0,2.0,27.0,1828.0,3,51.0,8.3e-05,0.7,0.004988,0.01,0.0
778,0.0,krajbich2010,0.0185528751462698,0.9814471006393432,1.0,3.0,2.0,28.0,1906.0,3,51.0,8.3e-05,0.7,0.004988,0.01,0.0
779,0.0,krajbich2010,0.0185528751462698,0.9814471006393432,1.0,3.0,2.0,29.0,4127.0,3,51.0,8.3e-05,0.7,0.004988,0.01,0.0
780,0.0,krajbich2010,0.0185528751462698,0.9814471006393432,1.0,3.0,2.0,30.0,1468.0,3,51.0,8.3e-05,0.7,0.004988,0.01,0.0
781,0.0,krajbich2010,0.0185528751462698,0.9814471006393432,1.0,3.0,2.0,31.0,1997.0,3,51.0,8.3e-05,0.7,0.004988,0.01,0.0
782,1.0,krajbich2010,0.0185528751462698,0.9814471006393432,1.0,3.0,2.0,32.0,2375.0,3,51.0,8.3e-05,0.7,0.004988,0.01,0.0
783,1.0,krajbich2010,0.0185528751462698,0.9814471006393432,1.0,3.0,2.0,33.0,2092.0,3,51.0,8.3e-05,0.7,0.004988,0.01,0.0
784,0.0,krajbich2010,0.0185528751462698,0.9814471006393432,1.0,3.0,2.0,34.0,1748.0,3,51.0,8.3e-05,0.7,0.004988,0.01,0.0
785,1.0,krajbich2010,0.0185528751462698,0.9814471006393432,1.0,3.0,2.0,35.0,2037.0,3,51.0,8.3e-05,0.7,0.004988,0.01,0.0
786,1.0,krajbich2010,0.0185528751462698,0.9814471006393432,1.0,3.0,2.0,36.0,1834.0,3,51.0,8.3e-05,0.7,0.004988,0.01,0.0
787,1.0,krajbich2010,0.0185528751462698,0.9814471006393432,1.0,3.0,2.0,37.0,1860.0,3,51.0,8.3e-05,0.7,0.004988,0.01,0.0
788,1.0,krajbich2010,0.0185528751462698,0.9814471006393432,1.0,3.0,2.0,38.0,1893.0,3,51.0,8.3e-05,0.7,0.004988,0.01,0.0
789,0.0,krajbich2010,0.0185528751462698,0.9814471006393432,1.0,3.0,2.0,39.0,1331.0,3,51.0,8.3e-05,0.7,0.004988,0.01,0.0
790,0.0,krajbich2010,0.0185528751462698,0.9814471006393432,1.0,3.0,2.0,40.0,2261.0,3,51.0,8.3e-05,0.7,0.004988,0.01,0.0
791,0.0,krajbich2010,0.0185528751462698,0.9814471006393432,1.0,3.0,2.0,41.0,1949.0,3,51.0,8.3e-05,0.7,0.004988,0.01,0.0
792,1.0,krajbich2010,0.0185528751462698,0.9814471006393432,1.0,3.0,2.0,42.0,2282.0,3,51.0,8.3e-05,0.7,0.004988,0.01,0.0
793,1.0,krajbich2010,0.0185528751462698,0.9814471006393432,1.0,3.0,2.0,43.0,2611.0,3,51.0,8.3e-05,0.7,0.004988,0.01,0.0
794,1.0,krajbich2010,0.0185528751462698,0.9814471006393432,1.0,3.0,2.0,44.0,2294.0,3,51.0,8.3e-05,0.7,0.004988,0.01,0.0
795,0.0,krajbich2010,0.0185528751462698,0.9814471006393432,1.0,3.0,2.0,45.0,1890.0,3,51.0,8.3e-05,0.7,0.004988,0.01,0.0
796,0.0,krajbich2010,0.0185528751462698,0.9814471006393432,1.0,3.0,2.0,46.0,2259.0,3,51.0,8.3e-05,0.7,0.004988,0.01,0.0
797,0.0,krajbich2010,0.0185528751462698,0.9814471006393432,1.0,3.0,2.0,47.0,2114.0,3,51.0,8.3e-05,0.7,0.004988,0.01,0.0
798,1.0,krajbich2010,0.0185528751462698,0.9814471006393432,1.0,3.0,2.0,48.0,2768.0,3,51.0,8.3e-05,0.7,0.004988,0.01,0.0
799,0.0,krajbich2010,0.0185528751462698,0.9814471006393432,1.0,3.0,2.0,49.0,1831.0,3,51.0,8.3e-05,0.7,0.004988,0.01,0.0
800,1.0,krajbich2010,0.0,1.0,3.0,3.0,2.0,0.0,2320.0,3,59.0,8.3e-05,0.7,0.004988,0.01,0.0
801,0.0,krajbich2010,0.0,1.0,3.0,3.0,2.0,1.0,2859.0,3,59.0,8.3e-05,0.7,0.004988,0.01,0.0
802,1.0,krajbich2010,0.0,1.0,3.0,3.0,2.0,2.0,1493.0,3,59.0,8.3e-05,0.7,0.004988,0.01,0.0
803,1.0,krajbich2010,0.0,1.0,3.0,3.0,2.0,3.0,1702.0,3,59.0,8.3e-05,0.7,0.004988,0.01,0.0
804,0.0,krajbich2010,0.0,1.0,3.0,3.0,2.0,4.0,2462.0,3,59.0,8.3e-05,0.7,0.004988,0.01,0.0
805,0.0,krajbich2010,0.0,1.0,3.0,3.0,2.0,5.0,1317.0,3,59.0,8.3e-05,0.7,0.004988,0.01,0.0
806,1.0,krajbich2010,0.0,1.0,3.0,3.0,2.0,6.0,1628.0,3,59.0,8.3e-05,0.7,0.004988,0.01,0.0
807,1.0,krajbich2010,0.0,1.0,3.0,3.0,2.0,7.0,2429.0,3,59.0,8.3e-05,0.7,0.004988,0.01,0.0
808,1.0,krajbich2010,0.0,1.0,3.0,3.0,2.0,8.0,2232.0,3,59.0,8.3e-05,0.7,0.004988,0.01,0.0
809,1.0,krajbich2010,0.0,1.0,3.0,3.0,2.0,9.0,1975.0,3,59.0,8.3e-05,0.7,0.004988,0.01,0.0
810,0.0,krajbich2010,0.0,1.0,3.0,3.0,2.0,10.0,2339.0,3,59.0,8.3e-05,0.7,0.004988,0.01,0.0
811,1.0,krajbich2010,0.0,1.0,3.0,3.0,2.0,11.0,2287.0,3,59.0,8.3e-05,0.7,0.004988,0.01,0.0
812,1.0,krajbich2010,0.0,1.0,3.0,3.0,2.0,12.0,1984.0,3,59.0,8.3e-05,0.7,0.004988,0.01,0.0
813,0.0,krajbich2010,0.0,1.0,3.0,3.0,2.0,13.0,2358.0,3,59.0,8.3e-05,0.7,0.004988,0.01,0.0
814,1.0,krajbich2010,0.0,1.0,3.0,3.0,2.0,14.0,2656.0,3,59.0,8.3e-05,0.7,0.004988,0.01,0.0
815,0.0,krajbich2010,0.0,1.0,3.0,3.0,2.0,15.0,2091.0,3,59.0,8.3e-05,0.7,0.004988,0.01,0.0
816,0.0,krajbich2010,0.0,1.0,3.0,3.0,2.0,16.0,2875.0,3,59.0,8.3e-05,0.7,0.004988,0.01,0.0
817,0.0,krajbich2010,0.0,1.0,3.0,3.0,2.0,17.0,2246.0,3,59.0,8.3e-05,0.7,0.004988,0.01,0.0
818,1.0,krajbich2010,0.0,1.0,3.0,3.0,2.0,18.0,2215.0,3,59.0,8.3e-05,0.7,0.004988,0.01,0.0
819,0.0,krajbich2010,0.0,1.0,3.0,3.0,2.0,19.0,2090.0,3,59.0,8.3e-05,0.7,0.004988,0.01,0.0
820,1.0,krajbich2010,0.0,1.0,3.0,3.0,2.0,20.0,2504.0,3,59.0,8.3e-05,0.7,0.004988,0.01,0.0
821,1.0,krajbich2010,0.0,1.0,3.0,3.0,2.0,21.0,1831.0,3,59.0,8.3e-05,0.7,0.004988,0.01,0.0
822,1.0,krajbich2010,0.0,1.0,3.0,3.0,2.0,22.0,2029.0,3,59.0,8.3e-05,0.7,0.004988,0.01,0.0
823,0.0,krajbich2010,0.0,1.0,3.0,3.0,2.0,23.0,1781.0,3,59.0,8.3e-05,0.7,0.004988,0.01,0.0
824,1.0,krajbich2010,0.0,1.0,3.0,3.0,2.0,24.0,2074.0,3,59.0,8.3e-05,0.7,0.004988,0.01,0.0
825,1.0,krajbich2010,0.0,1.0,3.0,3.0,2.0,25.0,2563.0,3,59.0,8.3e-05,0.7,0.004988,0.01,0.0
826,1.0,krajbich2010,0.0,1.0,3.0,3.0,2.0,26.0,1842.0,3,59.0,8.3e-05,0.7,0.004988,0.01,0.0
827,1.0,krajbich2010,0.0,1.0,3.0,3.0,2.0,27.0,2554.0,3,59.0,8.3e-05,0.7,0.004988,0.01,0.0
828,0.0,krajbich2010,0.0,1.0,3.0,3.0,2.0,28.0,2561.0,3,59.0,8.3e-05,0.7,0.004988,0.01,0.0
829,1.0,krajbich2010,0.0,1.0,3.0,3.0,2.0,29.0,2446.0,3,59.0,8.3e-05,0.7,0.004988,0.01,0.0
830,0.0,krajbich2010,0.0,1.0,3.0,3.0,2.0,30.0,2447.0,3,59.0,8.3e-05,0.7,0.004988,0.01,0.0
831,1.0,krajbich2010,0.0,1.0,3.0,3.0,2.0,31.0,1557.0,3,59.0,8.3e-05,0.7,0.004988,0.01,0.0
832,0.0,krajbich2010,0.0,1.0,3.0,3.0,2.0,32.0,1683.0,3,59.0,8.3e-05,0.7,0.004988,0.01,0.0
833,0.0,krajbich2010,0.0,1.0,3.0,3.0,2.0,33.0,2547.0,3,59.0,8.3e-05,0.7,0.004988,0.01,0.0
834,1.0,krajbich2010,0.0,1.0,3.0,3.0,2.0,34.0,2002.0,3,59.0,8.3e-05,0.7,0.004988,0.01,0.0
835,0.0,krajbich2010,0.0,1.0,3.0,3.0,2.0,35.0,1994.0,3,59.0,8.3e-05,0.7,0.004988,0.01,0.0
836,1.0,krajbich2010,0.0,1.0,3.0,3.0,2.0,36.0,2357.0,3,59.0,8.3e-05,0.7,0.004988,0.01,0.0
837,0.0,krajbich2010,0.0,1.0,3.0,3.0,2.0,37.0,1640.0,3,59.0,8.3e-05,0.7,0.004988,0.01,0.0
838,0.0,krajbich2010,0.0,1.0,3.0,3.0,2.0,38.0,2184.0,3,59.0,8.3e-05,0.7,0.004988,0.01,0.0
839,1.0,krajbich2010,0.0,1.0,3.0,3.0,2.0,39.0,2567.0,3,59.0,8.3e-05,0.7,0.004988,0.01,0.0
840,0.0,krajbich2010,0.0,1.0,3.0,3.0,2.0,40.0,1839.0,3,59.0,8.3e-05,0.7,0.004988,0.01,0.0
841,1.0,krajbich2010,0.0,1.0,3.0,3.0,2.0,41.0,2316.0,3,59.0,8.3e-05,0.7,0.004988,0.01,0.0
842,0.0,krajbich2010,0.0,1.0,3.0,3.0,2.0,42.0,2120.0,3,59.0,8.3e-05,0.7,0.004988,0.01,0.0
843,0.0,krajbich2010,0.0,1.0,3.0,3.0,2.0,43.0,2263.0,3,59.0,8.3e-05,0.7,0.004988,0.01,0.0
844,0.0,krajbich2010,0.0,1.0,3.0,3.0,2.0,44.0,1936.0,3,59.0,8.3e-05,0.7,0.004988,0.01,0.0
845,1.0,krajbich2010,0.0,1.0,3.0,3.0,2.0,45.0,2439.0,3,59.0,8.3e-05,0.7,0.004988,0.01,0.0
846,1.0,krajbich2010,0.0,1.0,3.0,3.0,2.0,46.0,1420.0,3,59.0,8.3e-05,0.7,0.004988,0.01,0.0
847,0.0,krajbich2010,0.0,1.0,3.0,3.0,2.0,47.0,2870.0,3,59.0,8.3e-05,0.7,0.004988,0.01,0.0
848,1.0,krajbich2010,0.0,1.0,3.0,3.0,2.0,48.0,1270.0,3,59.0,8.3e-05,0.7,0.004988,0.01,0.0
849,0.0,krajbich2010,0.0,1.0,3.0,3.0,2.0,49.0,1584.0,3,59.0,8.3e-05,0.7,0.004988,0.01,0.0
850,0.0,krajbich2010,1.0,0.0,5.0,3.0,2.0,0.0,2088.0,3,73.0,8.3e-05,0.7,0.004988,0.01,0.0
851,0.0,krajbich2010,1.0,0.0,5.0,3.0,2.0,1.0,1840.0,3,73.0,8.3e-05,0.7,0.004988,0.01,0.0
852,0.0,krajbich2010,1.0,0.0,5.0,3.0,2.0,2.0,1658.0,3,73.0,8.3e-05,0.7,0.004988,0.01,0.0
853,1.0,krajbich2010,1.0,0.0,5.0,3.0,2.0,3.0,2308.0,3,73.0,8.3e-05,0.7,0.004988,0.01,0.0
854,0.0,krajbich2010,1.0,0.0,5.0,3.0,2.0,4.0,2030.0,3,73.0,8.3e-05,0.7,0.004988,0.01,0.0
855,1.0,krajbich2010,1.0,0.0,5.0,3.0,2.0,5.0,2084.0,3,73.0,8.3e-05,0.7,0.004988,0.01,0.0
856,1.0,krajbich2010,1.0,0.0,5.0,3.0,2.0,6.0,2315.0,3,73.0,8.3e-05,0.7,0.004988,0.01,0.0
857,1.0,krajbich2010,1.0,0.0,5.0,3.0,2.0,7.0,1011.0,3,73.0,8.3e-05,0.7,0.004988,0.01,0.0
858,0.0,krajbich2010,1.0,0.0,5.0,3.0,2.0,8.0,2042.0,3,73.0,8.3e-05,0.7,0.004988,0.01,0.0
859,1.0,krajbich2010,1.0,0.0,5.0,3.0,2.0,9.0,1928.0,3,73.0,8.3e-05,0.7,0.004988,0.01,0.0
860,0.0,krajbich2010,1.0,0.0,5.0,3.0,2.0,10.0,1845.0,3,73.0,8.3e-05,0.7,0.004988,0.01,0.0
861,1.0,krajbich2010,1.0,0.0,5.0,3.0,2.0,11.0,2782.0,3,73.0,8.3e-05,0.7,0.004988,0.01,0.0
862,1.0,krajbich2010,1.0,0.0,5.0,3.0,2.0,12.0,2398.0,3,73.0,8.3e-05,0.7,0.004988,0.01,0.0
863,1.0,krajbich2010,1.0,0.0,5.0,3.0,2.0,13.0,2056.0,3,73.0,8.3e-05,0.7,0.004988,0.01,0.0
864,1.0,krajbich2010,1.0,0.0,5.0,3.0,2.0,14.0,2104.0,3,73.0,8.3e-05,0.7,0.004988,0.01,0.0
865,0.0,krajbich2010,1.0,0.0,5.0,3.0,2.0,15.0,2023.0,3,73.0,8.3e-05,0.7,0.004988,0.01,0.0
866,0.0,krajbich2010,1.0,0.0,5.0,3.0,2.0,16.0,1691.0,3,73.0,8.3e-05,0.7,0.004988,0.01,0.0
867,1.0,krajbich2010,1.0,0.0,5.0,3.0,2.0,17.0,2177.0,3,73.0,8.3e-05,0.7,0.004988,0.01,0.0
868,1.0,krajbich2010,1.0,0.0,5.0,3.0,2.0,18.0,1902.0,3,73.0,8.3e-05,0.7,0.004988,0.01,0.0
869,1.0,krajbich2010,1.0,0.0,5.0,3.0,2.0,19.0,1530.0,3,73.0,8.3e-05,0.7,0.004988,0.01,0.0
870,0.0,krajbich2010,1.0,0.0,5.0,3.0,2.0,20.0,2321.0,3,73.0,8.3e-05,0.7,0.004988,0.01,0.0
871,0.0,krajbich2010,1.0,0.0,5.0,3.0,2.0,21.0,2361.0,3,73.0,8.3e-05,0.7,0.004988,0.01,0.0
872,1.0,krajbich2010,1.0,0.0,5.0,3.0,2.0,22.0,2111.0,3,73.0,8.3e-05,0.7,0.004988,0.01,0.0
873,0.0,krajbich2010,1.0,0.0,5.0,3.0,2.0,23.0,2593.0,3,73.0,8.3e-05,0.7,0.004988,0.01,0.0
874,0.0,krajbich2010,1.0,0.0,5.0,3.0,2.0,24.0,1359.0,3,73.0,8.3e-05,0.7,0.004988,0.01,0.0
875,1.0,krajbich2010,1.0,0.0,5.0,3.0,2.0,25.0,1976.0,3,73.0,8.3e-05,0.7,0.004988,0.01,0.0
876,0.0,krajbich2010,1.0,0.0,5.0,3.0,2.0,26.0,1744.0,3,73.0,8.3e-05,0.7,0.004988,0.01,0.0
877,1.0,krajbich2010,1.0,0.0,5.0,3.0,2.0,27.0,2009.0,3,73.0,8.3e-05,0.7,0.004988,0.01,0.0
878,1.0,krajbich2010,1.0,0.0,5.0,3.0,2.0,28.0,2756.0,3,73.0,8.3e-05,0.7,0.004988,0.01,0.0
879,0.0,krajbich2010,1.0,0.0,5.0,3.0,2.0,29.0,1501.0,3,73.0,8.3e-05,0.7,0.004988,0.01,0.0
880,0.0,krajbich2010,1.0,0.0,5.0,3.0,2.0,30.0,2084.0,3,73.0,8.3e-05,0.7,0.004988,0.01,0.0
881,0.0,krajbich2010,1.0,0.0,5.0,3.0,2.0,31.0,1549.0,3,73.0,8.3e-05,0.7,0.004988,0.01,0.0
882,0.0,krajbich2010,1.0,0.0,5.0,3.0,2.0,32.0,3493.0,3,73.0,8.3e-05,0.7,0.004988,0.01,0.0
883,0.0,krajbich2010,1.0,0.0,5.0,3.0,2.0,33.0,1892.0,3,73.0,8.3e-05,0.7,0.004988,0.01,0.0
884,0.0,krajbich2010,1.0,0.0,5.0,3.0,2.0,34.0,2085.0,3,73.0,8.3e-05,0.7,0.004988,0.01,0.0
885,0.0,krajbich2010,1.0,0.0,5.0,3.0,2.0,35.0,2044.0,3,73.0,8.3e-05,0.7,0.004988,0.01,0.0
886,1.0,krajbich2010,1.0,0.0,5.0,3.0,2.0,36.0,1769.0,3,73.0,8.3e-05,0.7,0.004988,0.01,0.0
887,1.0,krajbich2010,1.0,0.0,5.0,3.0,2.0,37.0,2255.0,3,73.0,8.3e-05,0.7,0.004988,0.01,0.0
888,1.0,krajbich2010,1.0,0.0,5.0,3.0,2.0,38.0,2583.0,3,73.0,8.3e-05,0.7,0.004988,0.01,0.0
889,1.0,krajbich2010,1.0,0.0,5.0,3.0,2.0,39.0,2017.0,3,73.0,8.3e-05,0.7,0.004988,0.01,0.0
890,0.0,krajbich2010,1.0,0.0,5.0,3.0,2.0,40.0,1967.0,3,73.0,8.3e-05,0.7,0.004988,0.01,0.0
891,0.0,krajbich2010,1.0,0.0,5.0,3.0,2.0,41.0,2347.0,3,73.0,8.3e-05,0.7,0.004988,0.01,0.0
892,0.0,krajbich2010,1.0,0.0,5.0,3.0,2.0,42.0,1861.0,3,73.0,8.3e-05,0.7,0.004988,0.01,0.0
893,1.0,krajbich2010,1.0,0.0,5.0,3.0,2.0,43.0,2722.0,3,73.0,8.3e-05,0.7,0.004988,0.01,0.0
894,1.0,krajbich2010,1.0,0.0,5.0,3.0,2.0,44.0,1815.0,3,73.0,8.3e-05,0.7,0.004988,0.01,0.0
895,0.0,krajbich2010,1.0,0.0,5.0,3.0,2.0,45.0,1923.0,3,73.0,8.3e-05,0.7,0.004988,0.01,0.0
896,0.0,krajbich2010,1.0,0.0,5.0,3.0,2.0,46.0,1769.0,3,73.0,8.3e-05,0.7,0.004988,0.01,0.0
897,1.0,krajbich2010,1.0,0.0,5.0,3.0,2.0,47.0,2319.0,3,73.0,8.3e-05,0.7,0.004988,0.01,0.0
898,0.0,krajbich2010,1.0,0.0,5.0,3.0,2.0,48.0,2726.0,3,73.0,8.3e-05,0.7,0.004988,0.01,0.0
899,0.0,krajbich2010,1.0,0.0,5.0,3.0,2.0,49.0,2386.0,3,73.0,8.3e-05,0.7,0.004988,0.01,0.0
900,0.0,krajbich2010,1.0,0.0,0.0,0.0,2.0,0.0,1555.0,3,75.0,8.3e-05,0.7,0.004988,0.01,0.0
901,1.0,krajbich2010,1.0,0.0,0.0,0.0,2.0,1.0,1434.0,3,75.0,8.3e-05,0.7,0.004988,0.01,0.0
902,0.0,krajbich2010,1.0,0.0,0.0,0.0,2.0,2.0,2081.0,3,75.0,8.3e-05,0.7,0.004988,0.01,0.0
903,0.0,krajbich2010,1.0,0.0,0.0,0.0,2.0,3.0,2086.0,3,75.0,8.3e-05,0.7,0.004988,0.01,0.0
904,1.0,krajbich2010,1.0,0.0,0.0,0.0,2.0,4.0,1582.0,3,75.0,8.3e-05,0.7,0.004988,0.01,0.0
905,0.0,krajbich2010,1.0,0.0,0.0,0.0,2.0,5.0,1851.0,3,75.0,8.3e-05,0.7,0.004988,0.01,0.0
906,0.0,krajbich2010,1.0,0.0,0.0,0.0,2.0,6.0,1549.0,3,75.0,8.3e-05,0.7,0.004988,0.01,0.0
907,0.0,krajbich2010,1.0,0.0,0.0,0.0,2.0,7.0,1553.0,3,75.0,8.3e-05,0.7,0.004988,0.01,0.0
908,1.0,krajbich2010,1.0,0.0,0.0,0.0,2.0,8.0,1860.0,3,75.0,8.3e-05,0.7,0.004988,0.01,0.0
909,1.0,krajbich2010,1.0,0.0,0.0,0.0,2.0,9.0,1855.0,3,75.0,8.3e-05,0.7,0.004988,0.01,0.0
910,1.0,krajbich2010,1.0,0.0,0.0,0.0,2.0,10.0,1576.0,3,75.0,8.3e-05,0.7,0.004988,0.01,0.0
911,0.0,krajbich2010,1.0,0.0,0.0,0.0,2.0,11.0,2467.0,3,75.0,8.3e-05,0.7,0.004988,0.01,0.0
912,1.0,krajbich2010,1.0,0.0,0.0,0.0,2.0,12.0,2198.0,3,75.0,8.3e-05,0.7,0.004988,0.01,0.0
913,0.0,krajbich2010,1.0,0.0,0.0,0.0,2.0,13.0,1496.0,3,75.0,8.3e-05,0.7,0.004988,0.01,0.0
914,0.0,krajbich2010,1.0,0.0,0.0,0.0,2.0,14.0,1988.0,3,75.0,8.3e-05,0.7,0.004988,0.01,0.0
915,0.0,krajbich2010,1.0,0.0,0.0,0.0,2.0,15.0,1797.0,3,75.0,8.3e-05,0.7,0.004988,0.01,0.0
916,1.0,krajbich2010,1.0,0.0,0.0,0.0,2.0,16.0,2334.0,3,75.0,8.3e-05,0.7,0.004988,0.01,0.0
917,0.0,krajbich2010,1.0,0.0,0.0,0.0,2.0,17.0,2389.0,3,75.0,8.3e-05,0.7,0.004988,0.01,0.0
918,0.0,krajbich2010,1.0,0.0,0.0,0.0,2.0,18.0,2785.0,3,75.0,8.3e-05,0.7,0.004988,0.01,0.0
919,0.0,krajbich2010,1.0,0.0,0.0,0.0,2.0,19.0,1723.0,3,75.0,8.3e-05,0.7,0.004988,0.01,0.0
920,1.0,krajbich2010,1.0,0.0,0.0,0.0,2.0,20.0,3061.0,3,75.0,8.3e-05,0.7,0.004988,0.01,0.0
921,1.0,krajbich2010,1.0,0.0,0.0,0.0,2.0,21.0,1782.0,3,75.0,8.3e-05,0.7,0.004988,0.01,0.0
922,0.0,krajbich2010,1.0,0.0,0.0,0.0,2.0,22.0,1550.0,3,75.0,8.3e-05,0.7,0.004988,0.01,0.0
923,1.0,krajbich2010,1.0,0.0,0.0,0.0,2.0,23.0,3514.0,3,75.0,8.3e-05,0.7,0.004988,0.01,0.0
924,1.0,krajbich2010,1.0,0.0,0.0,0.0,2.0,24.0,2599.0,3,75.0,8.3e-05,0.7,0.004988,0.01,0.0
925,1.0,krajbich2010,1.0,0.0,0.0,0.0,2.0,25.0,2736.0,3,75.0,8.3e-05,0.7,0.004988,0.01,0.0
926,0.0,krajbich2010,1.0,0.0,0.0,0.0,2.0,26.0,1725.0,3,75.0,8.3e-05,0.7,0.004988,0.01,0.0
927,0.0,krajbich2010,1.0,0.0,0.0,0.0,2.0,27.0,2136.0,3,75.0,8.3e-05,0.7,0.004988,0.01,0.0
928,0.0,krajbich2010,1.0,0.0,0.0,0.0,2.0,28.0,2410.0,3,75.0,8.3e-05,0.7,0.004988,0.01,0.0
929,1.0,krajbich2010,1.0,0.0,0.0,0.0,2.0,29.0,2035.0,3,75.0,8.3e-05,0.7,0.004988,0.01,0.0
930,0.0,krajbich2010,1.0,0.0,0.0,0.0,2.0,30.0,2387.0,3,75.0,8.3e-05,0.7,0.004988,0.01,0.0
931,1.0,krajbich2010,1.0,0.0,0.0,0.0,2.0,31.0,3068.0,3,75.0,8.3e-05,0.7,0.004988,0.01,0.0
932,1.0,krajbich2010,1.0,0.0,0.0,0.0,2.0,32.0,1909.0,3,75.0,8.3e-05,0.7,0.004988,0.01,0.0
933,1.0,krajbich2010,1.0,0.0,0.0,0.0,2.0,33.0,2882.0,3,75.0,8.3e-05,0.7,0.004988,0.01,0.0
934,1.0,krajbich2010,1.0,0.0,0.0,0.0,2.0,34.0,1996.0,3,75.0,8.3e-05,0.7,0.004988,0.01,0.0
935,0.0,krajbich2010,1.0,0.0,0.0,0.0,2.0,35.0,2524.0,3,75.0,8.3e-05,0.7,0.004988,0.01,0.0
936,1.0,krajbich2010,1.0,0.0,0.0,0.0,2.0,36.0,1988.0,3,75.0,8.3e-05,0.7,0.004988,0.01,0.0
937,0.0,krajbich2010,1.0,0.0,0.0,0.0,2.0,37.0,2476.0,3,75.0,8.3e-05,0.7,0.004988,0.01,0.0
938,1.0,krajbich2010,1.0,0.0,0.0,0.0,2.0,38.0,3616.0,3,75.0,8.3e-05,0.7,0.004988,0.01,0.0
939,1.0,krajbich2010,1.0,0.0,0.0,0.0,2.0,39.0,1748.0,3,75.0,8.3e-05,0.7,0.004988,0.01,0.0
940,1.0,krajbich2010,1.0,0.0,0.0,0.0,2.0,40.0,1940.0,3,75.0,8.3e-05,0.7,0.004988,0.01,0.0
941,1.0,krajbich2010,1.0,0.0,0.0,0.0,2.0,41.0,1881.0,3,75.0,8.3e-05,0.7,0.004988,0.01,0.0
942,0.0,krajbich2010,1.0,0.0,0.0,0.0,2.0,42.0,1869.0,3,75.0,8.3e-05,0.7,0.004988,0.01,0.0
943,0.0,krajbich2010,1.0,0.0,0.0,0.0,2.0,43.0,2235.0,3,75.0,8.3e-05,0.7,0.004988,0.01,0.0
944,0.0,krajbich2010,1.0,0.0,0.0,0.0,2.0,44.0,1681.0,3,75.0,8.3e-05,0.7,0.004988,0.01,0.0
945,0.0,krajbich2010,1.0,0.0,0.0,0.0,2.0,45.0,1813.0,3,75.0,8.3e-05,0.7,0.004988,0.01,0.0
946,1.0,krajbich2010,1.0,0.0,0.0,0.0,2.0,46.0,2040.0,3,75.0,8.3e-05,0.7,0.004988,0.01,0.0
947,0.0,krajbich2010,1.0,0.0,0.0,0.0,2.0,47.0,2195.0,3,75.0,8.3e-05,0.7,0.004988,0.01,0.0
948,1.0,krajbich2010,1.0,0.0,0.0,0.0,2.0,48.0,1977.0,3,75.0,8.3e-05,0.7,0.004988,0.01,0.0
949,1.0,krajbich2010,1.0,0.0,0.0,0.0,2.0,49.0,1944.0,3,75.0,8.3e-05,0.7,0.004988,0.01,0.0
